ortholog.x	site	b1Num	b2Num	b1Name	b2Name	b1Clade	b2Clade	b1pos	b2pos	b1Anc	b2Anc	b1post	b2post	b1New	b2New	sub.type	position	aa	posterior	clade	swissProt	pfam
ORTHOMCL10867	ORTHOMCL10867_558	3	11	All_Montipora_single_Maequitube	All_Porites_single_Plobata	Montipora	Porites	558	558	D	D	0.965	0.965	N	N	parallel	558	D	0.94	AllVertical	M3TYT0|ROCK2_PIG;O75116|ROCK2_HUMAN;P70336|ROCK2_MOUSE;Q62868|ROCK2_RAT	PF00038.20|Filament;PF00069.24|Pkinase;PF00130.21|C1_1;PF00169.28|PH;PF01636.22|APH;PF05440.11|MtrB;PF07387.10|Seadorna_VP7;PF07714.16|Pkinase_Tyr;PF07889.11|DUF1664;PF08653.9|DASH_Dam1;PF08912.10|Rho_Binding;PF09304.9|Cortex-I_coil;PF14684.5|Tricorn_C1;PF15413.5|PH_11;PF17276.1|DUF5341
ORTHOMCL11287	ORTHOMCL11287_232	1	19	All_Galaxia_single_Gacrhelia	All_Montipora_lineage	Galaxia	Montipora	232	232	K	K	0.988	0.976	S	S	parallel	232	S	1	Galaxia	Q3SZ22|RM46_BOVIN;Q5RK00|RM46_RAT;Q9H2W6|RM46_HUMAN	PF00293.27|NUDIX;PF00787.23|PX;PF01640.16|Peptidase_C10;PF03996.14|Hema_esterase;PF04033.11|DUF365;PF04111.11|APG6;PF04156.13|IncA;PF04791.15|LMBR1;PF06936.10|Selenoprotein_S;PF11788.7|MRP-L46;PF14703.5|PHM7_cyt;PF15129.5|FAM150;PF15707.4|MCCD1;PF16261.4|DUF4915
ORTHOMCL11287	ORTHOMCL11287_232	1	19	All_Galaxia_single_Gacrhelia	All_Montipora_lineage	Galaxia	Montipora	232	232	K	K	0.988	0.976	S	S	parallel	232	S	0.992	AllVertical	Q3SZ22|RM46_BOVIN;Q5RK00|RM46_RAT;Q9H2W6|RM46_HUMAN	PF00293.27|NUDIX;PF00787.23|PX;PF01640.16|Peptidase_C10;PF03996.14|Hema_esterase;PF04033.11|DUF365;PF04111.11|APG6;PF04156.13|IncA;PF04791.15|LMBR1;PF06936.10|Selenoprotein_S;PF11788.7|MRP-L46;PF14703.5|PHM7_cyt;PF15129.5|FAM150;PF15707.4|MCCD1;PF16261.4|DUF4915
ORTHOMCL11621	ORTHOMCL11621_13	5	8	All_Galaxia_single_Gacrhelia	All_Porites_single_Paustralie	Galaxia	Porites	13	13	L	L	0.989	0.973	T	T	parallel	13	S	0.985	Galaxia	Q5T1M5|FKB15_HUMAN	PF00038.20|Filament;PF00254.27|FKBP_C;PF00568.22|WH1;PF00957.20|Synaptobrevin;PF04136.14|Sec34;PF04582.11|Reo_sigmaC;PF05531.11|NPV_P10;PF06005.11|ZapB;PF08553.9|VID27;PF08702.9|Fib_alpha;PF09636.9|XkdW;PF12451.7|VPS11_C;PF14362.5|DUF4407;PF14560.5|Ubiquitin_2;PF15792.4|LAS2;PF15862.4|Coilin_N;PF17078.4|SHE3;PF17588.1|DUF5486
ORTHOMCL11938	ORTHOMCL11938_151	6	1	All_Pocilloporid_single_Shystrix	All_Galaxia_single_Gacrhelia	Pocilloporid	Galaxia	151	151	A	A	0.988	0.973	S	S	parallel	151	S	0.966	AllVertical	Q58EX7|PKHG4_HUMAN	PF00169.28|PH;PF00435.20|Spectrin;PF00621.19|RhoGEF;PF00650.19|CRAL_TRIO;PF01610.16|DDE_Tnp_ISL3;PF02337.16|Gag_p10;PF08946.9|Osmo_CC;PF09969.8|DUF2203;PF12443.7|AKNA;PF12766.6|Pyridox_oxase_2;PF13716.5|CRAL_TRIO_2;PF15411.5|PH_10;PF16453.4|IQ_SEC7_PH
ORTHOMCL12001	ORTHOMCL12001_331	4	3	All_Galaxia_single_Gacrhelia	All_Porites_single_Paustralie	Galaxia	Porites	331	331	F	F	0.981	0.954	C	C	parallel	331	I	0.92	AllVertical	Q32LT7|TTYH3_DANRE;Q6GPA5|TTYH3_XENLA;Q6P1U2|TTYH2_XENTR	PF03302.12|VSP;PF04513.11|Baculo_PEP_C;PF04906.12|Tweety;PF05038.12|Cytochrom_B558a;PF05478.10|Prominin;PF06009.11|Laminin_II;PF06398.10|Pex24p;PF06687.11|SUR7;PF07331.10|TctB;PF09323.9|DUF1980;PF09972.8|DUF2207;PF10326.8|7TM_GPCR_Str;PF11466.7|Doppel;PF11575.7|FhuF_C;PF12575.7|Pox_EPC_I2-L1;PF12777.6|MT;PF12822.6|ECF_trnsprt;PF13120.5|DUF3974;PF13858.5|DUF4199;PF13903.5|Claudin_2;PF15753.4|BLOC1S3;PF16519.4|TRPM_tetra;PF17192.3|MukF_M
ORTHOMCL12015	ORTHOMCL12015_31	3	9	All_Montipora_single_Maequitube	All_Porites_single_Plobata	Montipora	Porites	31	31	C	C	0.994	0.99	S	S	parallel	31	C	0.978	AllVertical	Q0P426|SKA2_DANRE	PF07160.11|SKA1;PF10175.8|MPP6;PF11362.7|DUF3161;PF13102.5|Phage_int_SAM_5;PF14493.5|HTH_40;PF16740.4|SKA2;PF16920.4|TPKR_C2
ORTHOMCL12260	ORTHOMCL12260_585	1	7	All_Pocilloporid_single_Mauretenra	All_Galaxia_single_Gacrhelia	Pocilloporid	Galaxia	585	585	T	T	0.977	0.948	I	I	parallel	585	I	0.908	AllVertical	Q13439|GOGA4_HUMAN;Q91VW5|GOGA4_MOUSE	PF00038.20|Filament;PF00302.17|CAT;PF01442.17|Apolipoprotein;PF01465.19|GRIP;PF04977.14|DivIC;PF05667.10|DUF812;PF11155.7|DUF2935;PF15665.4|FAM184
ORTHOMCL12274	ORTHOMCL12274_445	8	17	All_Galaxia_single_Gacrhelia	All_Porites_lineage	Galaxia	Porites	445	445	T	T	0.972	0.941	A	A	parallel	445	T	0.909	AllVertical	P49793|NUP98_RAT;P52948|NUP98_HUMAN	PF04096.13|Nucleoporin2;PF10473.8|CENP-F_leu_zip;PF12110.7|Nup96;PF13634.5|Nucleoporin_FG;PF14818.5|DUF4482
ORTHOMCL12642	ORTHOMCL12642_94	5	8	All_Pocilloporid_single_Mauretenra	All_Montipora_single_Mcapitata	Pocilloporid	Montipora	94	94	Q	Q	0.982	0.962	K	K	parallel	94	Q	0.939	AllVertical	A4FUD4|PEX12_BOVIN;O00623|PEX12_HUMAN;O88177|PEX12_RAT;Q8VC48|PEX12_MOUSE;Q9ET67|PEX12_CRILO	PF00097.24|zf-C3HC4;PF04423.13|Rad50_zn_hook;PF04757.13|Pex2_Pex12;PF06003.11|SMN;PF12084.7|DUF3561;PF12678.6|zf-rbx1;PF12874.6|zf-met;PF13307.5|Helicase_C_2;PF13445.5|zf-RING_UBOX;PF13639.5|zf-RING_2;PF13796.5|Sensor;PF13920.5|zf-C3HC4_3;PF13923.5|zf-C3HC4_2;PF14447.5|Prok-RING_4;PF14634.5|zf-RING_5;PF14835.5|zf-RING_6;PF15227.5|zf-C3HC4_4
ORTHOMCL14007	ORTHOMCL14007_8	8	2	All_Montipora_single_Mcapitata	All_Porites_single_Plobata	Montipora	Porites	8	8	P	P	0.903	0.978	S	S	parallel	8	P	0.927	AllVertical	P32442|MEOX1_MOUSE	PF00046.28|Homeobox;PF05920.10|Homeobox_KN;PF06056.11|Terminase_5;PF14912.5|THEG
ORTHOMCL17892	ORTHOMCL17892_14	6	1	All_Montipora_single_Maequitube	All_Porites_single_Plobata	Montipora	Porites	14	14	T	T	0.904	0.991	S	S	parallel	14	S	0.991	AllVertical	P85120|DAPLE_XENLA;Q6VGS5|DAPLE_MOUSE;Q9P219|DAPLE_HUMAN	PF04156.13|IncA;PF04582.11|Reo_sigmaC;PF05557.12|MAD;PF05622.11|HOOK;PF05667.10|DUF812;PF08614.10|ATG16;PF08647.10|BRE1;PF09597.9|IGR;PF10779.8|XhlA;PF11971.7|CAMSAP_CH;PF15619.5|Lebercilin;PF16293.4|zf-C2H2_9
ORTHOMCL18498	ORTHOMCL18498_170	3	5	All_Pocilloporid_single_Mauretenra	All_Galaxia_single_Gacrhelia	Pocilloporid	Galaxia	170	170	D	D	0.932	0.941	E	E	parallel	170	D	0.967	AllVertical	O75478|TAD2A_HUMAN;Q6AYE3|TAD2A_RAT	PF00249.30|Myb_DNA-binding;PF04433.16|SWIRM;PF12422.7|Condensin2nSMC;PF13921.5|Myb_DNA-bind_6;PF14196.5|ATC_hydrolase;PF15604.5|Ntox15;PF16235.4|DUF4894
ORTHOMCL1856	ORTHOMCL1856_191	28	10	All_Pocilloporid_lineage	All_Galaxia_single_Gacrhelia	Pocilloporid	Galaxia	191	191	I	I	0.959	1	V	V	parallel	191	V	0.967	Galaxia	A6NIH7|U119B_HUMAN;Q8C4B4|U119B_MOUSE;Q90Z08|U119B_DANRE;Q9Z2R6|U119A_MOUSE	PF05049.12|IIGP;PF05351.10|GMP_PDE_delta;PF05887.10|Trypan_PARP;PF16567.4|CagD
ORTHOMCL1856	ORTHOMCL1856_191	28	10	All_Pocilloporid_lineage	All_Galaxia_single_Gacrhelia	Pocilloporid	Galaxia	191	191	I	I	0.959	1	V	V	parallel	191	V	0.988	AllVertical	A6NIH7|U119B_HUMAN;Q8C4B4|U119B_MOUSE;Q90Z08|U119B_DANRE;Q9Z2R6|U119A_MOUSE	PF05049.12|IIGP;PF05351.10|GMP_PDE_delta;PF05887.10|Trypan_PARP;PF16567.4|CagD
ORTHOMCL18576	ORTHOMCL18576_87	4	7	All_Galaxia_single_Gacrhelia	All_Montipora_single_Maequitube	Galaxia	Montipora	87	87	T	T	0.982	0.956	S	S	parallel	87	T	0.908	Galaxia	B3EWZ3|CADN_ACRMI;D3YXG0|HMCN1_MOUSE;Q8AV58|SDK1_CHICK;Q96RW7|HMCN1_HUMAN	PF00041.20|fn3;PF00060.25|Lig_chan;PF00090.18|TSP_1;PF00497.19|SBP_bac_3;PF00520.30|Ion_trans;PF01390.19|SEA;PF07885.15|Ion_trans_2;PF09294.9|Interfer-bind;PF09913.8|DUF2142;PF10960.7|Holin_BhlA;PF12257.7|IML1;PF13385.5|Laminin_G_3;PF16656.4|Pur_ac_phosph_N;PF16794.4|fn3_4;PF16893.4|fn3_2
ORTHOMCL19076	ORTHOMCL19076_71	8	15	All_Montipora_single_Maequitube	All_Porites_lineage	Montipora	Porites	71	71	M	M	0.949	0.944	L	L	parallel	71	M	0.927	AllVertical	none	PF03032.14|FSAP_sig_propep;PF04706.11|Dickkopf_N;PF08088.11|Toxin_19;PF10708.8|DUF2510
ORTHOMCL19328	ORTHOMCL19328_939	4	5	All_Pocilloporid_single_Shystrix	All_Galaxia_single_Gacrhelia	Pocilloporid	Galaxia	939	939	M	M	0.962	0.968	L	L	parallel	939	I	0.975	Galaxia	G3V801|NETR_RAT;Q9UGM3|DMBT1_HUMAN	PF00008.26|EGF;PF00058.16|Ldl_recept_b;PF00530.17|SRCR;PF01034.19|Syndecan;PF01436.20|NHL;PF01731.19|Arylesterase;PF02009.15|RIFIN;PF03088.15|Str_synth;PF03988.11|DUF347;PF05283.10|MGC-24;PF08450.11|SGL;PF08693.9|SKG6;PF10715.8|REGB_T4;PF12661.6|hEGF;PF12947.6|EGF_3;PF14219.5|DUF4328;PF14670.5|FXa_inhibition;PF14828.5|Amnionless;PF15494.5|SRCR_2;PF15756.4|DUF4690;PF16472.4|DUF5050
ORTHOMCL19869	ORTHOMCL19869_20	5	3	All_Pocilloporid_single_Pdamicorni	All_Galaxia_single_Gacrhelia	Pocilloporid	Galaxia	20	20	A	A	0.907	1	S	S	parallel	20	G	0.976	Galaxia	none	none
ORTHOMCL2526	ORTHOMCL2526_223	24	35	All_Pocilloporid_lineage	All_Porites_lineage	Pocilloporid	Porites	223	223	M	M	0.97	0.973	S	S	parallel	223	M	0.944	AllVertical	P19352|TPM2_CHICK;P39921|TPM1_HYDVU;P84335|TPM1_LIZAU;Q6IRU2|TPM4_MOUSE;Q9U5M4|TPM2_PODCA	PF00015.20|MCPsignal;PF00038.20|Filament;PF00103.19|Hormone_1;PF00261.19|Tropomyosin;PF00275.19|EPSP_synthase;PF00517.16|GP41;PF00769.18|ERM;PF00957.20|Synaptobrevin;PF01519.15|DUF16;PF01544.17|CorA;PF02181.22|FH2;PF02601.14|Exonuc_VII_L;PF03233.12|Cauli_AT;PF03908.12|Sec20;PF03962.14|Mnd1;PF04012.11|PspA_IM30;PF04048.13|Sec8_exocyst;PF04111.11|APG6;PF04136.14|Sec34;PF04156.13|IncA;PF04344.12|CheZ;PF04513.11|Baculo_PEP_C;PF04563.14|RNA_pol_Rpb2_1;PF04582.11|Reo_sigmaC;PF04906.12|Tweety;PF05266.13|DUF724;PF05267.11|DUF725;PF05335.12|DUF745;PF05377.10|FlaC_arch;PF05440.11|MtrB;PF05478.10|Prominin;PF05531.11|NPV_P10;PF05557.12|MAD;PF05622.11|HOOK;PF05659.10|RPW8;PF05667.10|DUF812;PF05701.10|WEMBL;PF06008.13|Laminin_I;PF06009.11|Laminin_II;PF06103.10|DUF948;PF06148.10|COG2;PF06160.11|EzrA;PF06533.11|DUF1110;PF06667.11|PspB;PF06818.14|Fez1;PF07200.12|Mod_r;PF07321.11|YscO;PF07323.11|DUF1465;PF07426.10|Dynactin_p22;PF07544.12|Med9;PF07730.12|HisKA_3;PF07851.12|TMPIT;PF07888.10|CALCOCO1;PF07889.11|DUF1664;PF07926.11|TPR_MLP1_2;PF08172.11|CASP_C;PF08317.10|Spc7;PF08614.10|ATG16;PF08702.9|Fib_alpha;PF09365.9|DUF2461;PF09455.9|Cas_DxTHG;PF09486.9|HrpB7;PF09728.8|Taxilin;PF09784.8|L31;PF10018.8|Med4;PF10046.8|BLOC1_2;PF10104.8|Brr6_like_C_C;PF10146.8|zf-C4H2;PF10168.8|Nup88;PF10186.8|Atg14;PF10205.8|KLRAQ;PF10241.8|KxDL;PF10372.8|YojJ;PF10473.8|CENP-F_leu_zip;PF10498.8|IFT57;PF10779.8|XhlA;PF11932.7|DUF3450;PF12128.7|DUF3584;PF12718.6|Tropomyosin_1;PF12732.6|YtxH;PF12795.6|MscS_porin;PF13166.5|AAA_13;PF13524.5|Glyco_trans_1_2;PF13851.5|GAS;PF13863.5|DUF4200;PF13870.5|DUF4201;PF13874.5|Nup54;PF14056.5|DUF4250;PF14193.5|DUF4315;PF14197.5|Cep57_CLD_2;PF14282.5|FlxA;PF14357.5|DUF4404;PF14362.5|DUF4407;PF14381.5|EDR1;PF14523.5|Syntaxin_2;PF14707.5|Sulfatase_C;PF14712.5|Snapin_Pallidin;PF14739.5|DUF4472;PF15271.5|BBP1_N;PF15619.5|Lebercilin;PF15731.4|MqsA_antitoxin;PF15739.4|TSNAXIP1_N;PF15796.4|KELK;PF15905.4|HMMR_N;PF16454.4|PI3K_P85_iSH2;PF16515.4|HIP1_clath_bdg;PF16533.4|SOAR;PF16535.4|T3SSipB;PF16716.4|BST2;PF17151.3|CHASE7
ORTHOMCL2658	ORTHOMCL2658_265	11	9	All_Galaxia_single_Gacrhelia	All_Porites_single_Paustralie	Galaxia	Porites	265	265	I	I	1	0.907	V	V	parallel	265	S	0.911	Galaxia	Q96KP6|TNIP3_HUMAN;Q9WUU8|TNIP1_MOUSE	PF00038.20|Filament;PF00170.20|bZIP_1;PF00435.20|Spectrin;PF00605.16|IRF;PF01166.17|TSC22;PF01385.18|OrfB_IS605;PF01416.19|PseudoU_synth_1;PF01522.20|Polysacc_deac_1;PF02050.15|FliJ;PF02183.17|HALZ;PF02272.18|DHHA1;PF02403.21|Seryl_tRNA_N;PF02601.14|Exonuc_VII_L;PF03993.11|DUF349;PF04012.11|PspA_IM30;PF04111.11|APG6;PF04136.14|Sec34;PF04156.13|IncA;PF04582.11|Reo_sigmaC;PF04632.11|FUSC;PF04791.15|LMBR1;PF04880.12|NUDE_C;PF05377.10|FlaC_arch;PF05529.11|Bap31;PF05531.11|NPV_P10;PF05659.10|RPW8;PF05667.10|DUF812;PF05672.10|MAP7;PF05812.11|Herpes_BLRF2;PF05837.11|CENP-H;PF06156.12|YabB;PF06428.10|Sec2p;PF06667.11|PspB;PF06698.10|DUF1192;PF06810.10|Phage_GP20;PF06818.14|Fez1;PF07106.12|TBPIP;PF07888.10|CALCOCO1;PF07926.11|TPR_MLP1_2;PF08074.10|CHDCT2;PF08286.10|Spc24;PF08287.10|DASH_Spc19;PF08317.10|Spc7;PF08614.10|ATG16;PF08647.10|BRE1;PF08653.9|DASH_Dam1;PF08846.9|DUF1816;PF08988.9|T3SS_needle_E;PF09304.9|Cortex-I_coil;PF09636.9|XkdW;PF09789.8|DUF2353;PF10046.8|BLOC1_2;PF10473.8|CENP-F_leu_zip;PF10506.8|MCC-bdg_PDZ;PF11180.7|DUF2968;PF11559.7|ADIP;PF11690.7|DUF3287;PF11932.7|DUF3450;PF12325.7|TMF_TATA_bd;PF12451.7|VPS11_C;PF12639.6|Colicin-DNase;PF12762.6|DDE_Tnp_IS1595;PF13166.5|AAA_13;PF13476.5|AAA_23;PF13851.5|GAS;PF13863.5|DUF4200;PF14362.5|DUF4407;PF14523.5|Syntaxin_2;PF14662.5|KASH_CCD;PF14965.5|BRI3BP;PF14992.5|TMCO5;PF15035.5|Rootletin;PF15058.5|Speriolin_N;PF15136.5|UPF0449;PF15294.5|Leu_zip;PF15742.4|DUF4686;PF15784.4|GPS2_interact;PF15883.4|DUF4736;PF15898.4|PRKG1_interact;PF15905.4|HMMR_N;PF16050.4|CDC73_N;PF16515.4|HIP1_clath_bdg;PF16516.4|CC2-LZ;PF16559.4|GIT_CC;PF16740.4|SKA2;PF16789.4|YscO-like;PF16888.4|DUF5082;PF17045.4|CEP63
ORTHOMCL2963	ORTHOMCL2963_174	12	33	All_Galaxia_single_Gacrhelia	All_Montipora_lineage	Galaxia	Montipora	174	174	V	V	1	0.972	L	L	parallel	174	V	0.992	Galaxia	Q9CXR1|DHRS7_MOUSE;Q9Y394|DHRS7_HUMAN	PF00106.24|adh_short;PF01370.20|Epimerase;PF02558.15|ApbA;PF02719.14|Polysacc_synt_2;PF02826.18|2-Hacid_dh_C;PF03189.12|Otopetrin;PF08643.9|DUF1776;PF08659.9|KR;PF10648.8|Gmad2;PF13460.5|NAD_binding_10;PF13561.5|adh_short_C2
ORTHOMCL2963	ORTHOMCL2963_174	12	33	All_Galaxia_single_Gacrhelia	All_Montipora_lineage	Galaxia	Montipora	174	174	V	V	1	0.972	L	L	parallel	174	V	0.997	AllVertical	Q9CXR1|DHRS7_MOUSE;Q9Y394|DHRS7_HUMAN	PF00106.24|adh_short;PF01370.20|Epimerase;PF02558.15|ApbA;PF02719.14|Polysacc_synt_2;PF02826.18|2-Hacid_dh_C;PF03189.12|Otopetrin;PF08643.9|DUF1776;PF08659.9|KR;PF10648.8|Gmad2;PF13460.5|NAD_binding_10;PF13561.5|adh_short_C2
ORTHOMCL3361	ORTHOMCL3361_198	1	27	All_Pocilloporid_single_Shystrix	All_Montipora_lineage	Pocilloporid	Montipora	198	198	F	F	0.995	0.957	L	L	parallel	198	L	0.969	AllVertical	G8HTB6|ZPP_ACRMI	PF00100.22|Zona_pellucida;PF12131.7|DUF3586;PF16246.4|DUF4903;PF16421.4|E2F_CC-MB
ORTHOMCL3469	ORTHOMCL3469_197	23	35	All_Pocilloporid_lineage	All_Porites_lineage	Pocilloporid	Porites	197	197	I	I	0.935	0.95	V	V	parallel	197	I	0.922	AllVertical	A0JNJ3|SPART_BOVIN;Q8N0X7|SPART_HUMAN;Q8R1X6|SPART_MOUSE	PF00428.18|Ribosomal_60s;PF00515.27|TPR_1;PF01109.16|GM_CSF;PF04212.17|MIT;PF05092.11|PIF;PF06911.11|Senescence;PF07719.16|TPR_2;PF07889.11|DUF1664;PF09392.9|T3SS_needle_F;PF10241.8|KxDL;PF12301.7|CD99L2;PF12634.6|Inp1;PF12732.6|YtxH;PF13424.5|TPR_12;PF17376.1|DUF5398
ORTHOMCL3473	ORTHOMCL3473_186	24	30	All_Pocilloporid_lineage	All_Montipora_lineage	Pocilloporid	Montipora	186	186	Q	Q	0.992	0.977	E	E	parallel	186	Q	0.968	AllVertical	O08760|OGG1_MOUSE;O15527|OGG1_HUMAN;O70249|OGG1_RAT	PF00633.22|HHH;PF00730.24|HhH-GPD;PF04364.12|DNA_pol3_chi;PF07934.11|OGG_N;PF14520.5|HHH_5
ORTHOMCL4033	ORTHOMCL4033_47	12	31	All_Pocilloporid_single_Shystrix	All_Porites_lineage	Pocilloporid	Porites	47	47	V	V	0.974	0.974	L	L	parallel	47	L	0.942	AllVertical	A1A5R1|RFOX2_RAT;A6NFN3|RFOX3_HUMAN;Q5NVN8|RFOX1_PONAB;Q8BIF2|RFOX3_MOUSE;Q9JJ43|RFOX1_MOUSE	PF00076.21|RRM_1;PF01075.16|Glyco_transf_9;PF01080.16|Presenilin;PF04908.14|SH3BGR;PF08315.11|cwf18;PF09731.8|Mitofilin;PF10905.7|DUF2695;PF11179.7|DUF2967;PF11608.7|Limkain-b1;PF13696.5|zf-CCHC_2;PF13893.5|RRM_5
ORTHOMCL4070	ORTHOMCL4070_203	22	6	All_Pocilloporid_lineage	All_Porites_single_Paustralie	Pocilloporid	Porites	203	203	V	V	0.94	0.941	K	K	parallel	203	I	0.979	AllVertical	P07201|RIR2_SPISO;P11157|RIR2_MOUSE;P31350|RIR2_HUMAN;P79733|RIR2_DANRE	PF00268.20|Ribonuc_red_sm;PF01233.18|NMT;PF07476.10|MAAL_C;PF15598.5|Imm61
ORTHOMCL4092	ORTHOMCL4092_283	15	29	All_Pocilloporid_single_Shystrix	All_Porites_lineage	Pocilloporid	Porites	283	283	N	N	0.998	0.976	D	D	parallel	283	N	0.987	AllVertical	B2GUZ1|UBP4_RAT;O94966|UBP19_HUMAN;Q9R085|UBP15_RAT	PF00443.28|UCH;PF00628.28|PHD;PF01436.20|NHL;PF01753.17|zf-MYND;PF03716.13|WCCH;PF05327.10|RRN3;PF06337.11|DUSP;PF11543.7|UN_NPL4;PF12436.7|USP7_ICP0_bdg;PF12933.6|FTO_NTD;PF13248.5|zf-ribbon_3;PF13423.5|UCH_1;PF13451.5|zf-trcl;PF14533.5|USP7_C2;PF14836.5|Ubiquitin_3;PF15713.4|PTPRCAP;PF15801.4|zf-C6H2
ORTHOMCL5371	ORTHOMCL5371_290	8	7	All_Pocilloporid_single_Shystrix	All_Porites_single_Plobata	Pocilloporid	Porites	290	290	Y	Y	0.995	0.957	F	F	parallel	290	Y	0.938	AllVertical	A4IFB1|SRRT_BOVIN;Q5R539|SRRT_PONAB;Q9BXP5|SRRT_HUMAN	PF00076.21|RRM_1;PF04959.12|ARS2;PF07636.10|PSRT;PF11636.7|Troponin-I_N;PF12066.7|DUF3546
ORTHOMCL5371	ORTHOMCL5371_290	25	7	All_Montipora_lineage	All_Porites_single_Plobata	Montipora	Porites	290	290	Y	Y	0.972	0.957	F	F	parallel	290	Y	0.938	AllVertical	A4IFB1|SRRT_BOVIN;Q5R539|SRRT_PONAB;Q9BXP5|SRRT_HUMAN	PF00076.21|RRM_1;PF04959.12|ARS2;PF07636.10|PSRT;PF11636.7|Troponin-I_N;PF12066.7|DUF3546
ORTHOMCL5371	ORTHOMCL5371_290	8	25	All_Pocilloporid_single_Shystrix	All_Montipora_lineage	Pocilloporid	Montipora	290	290	Y	Y	0.995	0.972	F	F	parallel	290	Y	0.938	AllVertical	A4IFB1|SRRT_BOVIN;Q5R539|SRRT_PONAB;Q9BXP5|SRRT_HUMAN	PF00076.21|RRM_1;PF04959.12|ARS2;PF07636.10|PSRT;PF11636.7|Troponin-I_N;PF12066.7|DUF3546
ORTHOMCL5732	ORTHOMCL5732_451	1	9	All_Montipora_single_Maequitube	All_Porites_single_Plobata	Montipora	Porites	451	451	K	K	0.934	0.976	S	S	parallel	451	S	0.997	AllVertical	O43490|PROM1_HUMAN;O54990|PROM1_MOUSE;Q9W735|PRM1A_DANRE	PF00015.20|MCPsignal;PF00335.19|Tetraspannin;PF00389.29|2-Hacid_dh;PF00435.20|Spectrin;PF00499.19|Oxidored_q3;PF00512.24|HisKA;PF00664.22|ABC_membrane;PF01292.19|Ni_hydr_CYTB;PF01350.16|Flavi_NS4A;PF01425.20|Amidase;PF01442.17|Apolipoprotein;PF01654.16|Cyt_bd_oxida_I;PF02059.14|IL3;PF02352.14|Decorin_bind;PF02520.16|DUF148;PF02601.14|Exonuc_VII_L;PF02847.16|MA3;PF03114.17|BAR;PF03600.15|CitMHS;PF03623.12|Focal_AT;PF03693.13|ParD_antitoxin;PF03836.14|RasGAP_C;PF04136.14|Sec34;PF04156.13|IncA;PF04513.11|Baculo_PEP_C;PF04678.12|MCU;PF04740.11|LXG;PF04799.12|Fzo_mitofusin;PF04893.16|Yip1;PF04899.11|MbeD_MobD;PF04906.12|Tweety;PF05073.11|Baculo_p24;PF05141.11|DIT1_PvcA;PF05205.11|COMPASS-Shg1;PF05436.10|MF_alpha_N;PF05478.10|Prominin;PF05597.10|Phasin;PF05823.11|Gp-FAR-1;PF05957.12|DUF883;PF05987.12|DUF898;PF06008.13|Laminin_I;PF06009.11|Laminin_II;PF06103.10|DUF948;PF06156.12|YabB;PF06198.10|DUF999;PF06322.10|Phage_NinH;PF06456.12|Arfaptin;PF06687.11|SUR7;PF06749.11|DUF1218;PF07160.11|SKA1;PF07200.12|Mod_r;PF07264.10|EI24;PF07331.10|TctB;PF07464.10|ApoLp-III;PF07798.10|DUF1640;PF07851.12|TMPIT;PF07889.11|DUF1664;PF07926.11|TPR_MLP1_2;PF08074.10|CHDCT2;PF08317.10|Spc7;PF08397.10|IMD;PF08650.9|DASH_Dad4;PF08653.9|DASH_Dam1;PF08654.9|DASH_Dad2;PF08687.10|ASD2;PF09177.10|Syntaxin-6_N;PF09371.9|Tex_N;PF09685.9|DUF4870;PF09972.8|DUF2207;PF10046.8|BLOC1_2;PF10145.8|PhageMin_Tail;PF10146.8|zf-C4H2;PF10168.8|Nup88;PF10241.8|KxDL;PF10372.8|YojJ;PF10436.8|BCDHK_Adom3;PF10473.8|CENP-F_leu_zip;PF10498.8|IFT57;PF10774.8|DUF4226;PF10824.7|T7SS_ESX_EspC;PF10874.7|DUF2746;PF10938.7|YfdX;PF11155.7|DUF2935;PF11559.7|ADIP;PF11837.7|DUF3357;PF11839.7|Alanine_zipper;PF11932.7|DUF3450;PF12128.7|DUF3584;PF12420.7|DUF3671;PF12698.6|ABC2_membrane_3;PF12732.6|YtxH;PF12795.6|MscS_porin;PF13094.5|CENP-Q;PF13273.5|DUF4064;PF13339.5|AATF-Che1;PF13520.5|AA_permease_2;PF13903.5|Claudin_2;PF13908.5|Shisa;PF14357.5|DUF4404;PF14523.5|Syntaxin_2;PF14575.5|EphA2_TM;PF14932.5|HAUS-augmin3;PF14942.5|Muted;PF14966.5|DNA_repr_REX1B;PF15011.5|CK2S;PF15136.5|UPF0449;PF15463.5|ECM11;PF15605.5|Ntox28;PF15619.5|Lebercilin;PF16043.4|DUF4795;PF16481.4|DUF5058;PF16566.4|CREPT;PF16740.4|SKA2;PF16746.4|BAR_3;PF17107.4|SesA;PF17111.4|Helo_like_N;PF17355.1|DUF5383
ORTHOMCL5732	ORTHOMCL5732_453	10	9	All_Pocilloporid_single_Shystrix	All_Porites_single_Plobata	Pocilloporid	Porites	453	453	I	I	0.99	0.963	V	V	parallel	453	L	0.987	AllVertical	O43490|PROM1_HUMAN;O54990|PROM1_MOUSE;Q9W735|PRM1A_DANRE	PF00015.20|MCPsignal;PF00335.19|Tetraspannin;PF00389.29|2-Hacid_dh;PF00435.20|Spectrin;PF00499.19|Oxidored_q3;PF00512.24|HisKA;PF00664.22|ABC_membrane;PF01292.19|Ni_hydr_CYTB;PF01350.16|Flavi_NS4A;PF01425.20|Amidase;PF01442.17|Apolipoprotein;PF01654.16|Cyt_bd_oxida_I;PF02059.14|IL3;PF02352.14|Decorin_bind;PF02520.16|DUF148;PF02601.14|Exonuc_VII_L;PF02847.16|MA3;PF03114.17|BAR;PF03600.15|CitMHS;PF03623.12|Focal_AT;PF03693.13|ParD_antitoxin;PF03836.14|RasGAP_C;PF04136.14|Sec34;PF04156.13|IncA;PF04513.11|Baculo_PEP_C;PF04678.12|MCU;PF04740.11|LXG;PF04799.12|Fzo_mitofusin;PF04893.16|Yip1;PF04899.11|MbeD_MobD;PF04906.12|Tweety;PF05073.11|Baculo_p24;PF05141.11|DIT1_PvcA;PF05205.11|COMPASS-Shg1;PF05436.10|MF_alpha_N;PF05478.10|Prominin;PF05597.10|Phasin;PF05823.11|Gp-FAR-1;PF05957.12|DUF883;PF05987.12|DUF898;PF06008.13|Laminin_I;PF06009.11|Laminin_II;PF06103.10|DUF948;PF06156.12|YabB;PF06198.10|DUF999;PF06322.10|Phage_NinH;PF06456.12|Arfaptin;PF06687.11|SUR7;PF06749.11|DUF1218;PF07160.11|SKA1;PF07200.12|Mod_r;PF07264.10|EI24;PF07331.10|TctB;PF07464.10|ApoLp-III;PF07798.10|DUF1640;PF07851.12|TMPIT;PF07889.11|DUF1664;PF07926.11|TPR_MLP1_2;PF08074.10|CHDCT2;PF08317.10|Spc7;PF08397.10|IMD;PF08650.9|DASH_Dad4;PF08653.9|DASH_Dam1;PF08654.9|DASH_Dad2;PF08687.10|ASD2;PF09177.10|Syntaxin-6_N;PF09371.9|Tex_N;PF09685.9|DUF4870;PF09972.8|DUF2207;PF10046.8|BLOC1_2;PF10145.8|PhageMin_Tail;PF10146.8|zf-C4H2;PF10168.8|Nup88;PF10241.8|KxDL;PF10372.8|YojJ;PF10436.8|BCDHK_Adom3;PF10473.8|CENP-F_leu_zip;PF10498.8|IFT57;PF10774.8|DUF4226;PF10824.7|T7SS_ESX_EspC;PF10874.7|DUF2746;PF10938.7|YfdX;PF11155.7|DUF2935;PF11559.7|ADIP;PF11837.7|DUF3357;PF11839.7|Alanine_zipper;PF11932.7|DUF3450;PF12128.7|DUF3584;PF12420.7|DUF3671;PF12698.6|ABC2_membrane_3;PF12732.6|YtxH;PF12795.6|MscS_porin;PF13094.5|CENP-Q;PF13273.5|DUF4064;PF13339.5|AATF-Che1;PF13520.5|AA_permease_2;PF13903.5|Claudin_2;PF13908.5|Shisa;PF14357.5|DUF4404;PF14523.5|Syntaxin_2;PF14575.5|EphA2_TM;PF14932.5|HAUS-augmin3;PF14942.5|Muted;PF14966.5|DNA_repr_REX1B;PF15011.5|CK2S;PF15136.5|UPF0449;PF15463.5|ECM11;PF15605.5|Ntox28;PF15619.5|Lebercilin;PF16043.4|DUF4795;PF16481.4|DUF5058;PF16566.4|CREPT;PF16740.4|SKA2;PF16746.4|BAR_3;PF17107.4|SesA;PF17111.4|Helo_like_N;PF17355.1|DUF5383
ORTHOMCL5871	ORTHOMCL5871_140	12	29	All_Montipora_single_Maequitube	All_Porites_lineage	Montipora	Porites	140	140	M	M	0.992	0.994	L	L	parallel	140	F	0.957	AllVertical	A5PJX7|S6A13_BOVIN;A7Y2W8|SC6A9_XENLA;P30531|SC6A1_HUMAN;P31646|S6A13_RAT;P31649|S6A13_MOUSE;Q62687|S6A18_RAT;Q761V0|SC6A5_MOUSE	PF00209.17|SNF;PF12695.6|Abhydrolase_5;PF13567.5|DUF4131;PF15430.5|SVWC;PF16058.4|Mucin-like
ORTHOMCL6043	ORTHOMCL6043_131	19	5	All_Pocilloporid_lineage	All_Galaxia_single_Gacrhelia	Pocilloporid	Galaxia	131	131	N	N	0.994	0.959	T	T	parallel	131	N	0.949	AllVertical	B0BLT0|ZN593_XENTR	PF04988.11|AKAP95;PF10235.8|Cript;PF12013.7|OrsD;PF12171.7|zf-C2H2_jaz;PF12756.6|zf-C2H2_2;PF12874.6|zf-met;PF12927.6|DUF3835;PF12934.6|FTO_CTD;PF13894.5|zf-C2H2_4;PF16547.4|BLM10_N
ORTHOMCL6603	ORTHOMCL6603_210	20	27	All_Pocilloporid_lineage	All_Porites_lineage	Pocilloporid	Porites	210	210	E	E	0.964	0.93	Q	Q	parallel	210	E	0.985	AllVertical	O88379|BAZ1A_MOUSE;Q9NRL2|BAZ1A_HUMAN	PF00439.24|Bromodomain;PF00628.28|PHD;PF02791.16|DDT;PF08273.11|Prim_Zn_Ribbon;PF10243.8|MIP-T3;PF10537.8|WAC_Acf1_DNA_bd;PF13771.5|zf-HC5HC2H;PF13831.5|PHD_2;PF13832.5|zf-HC5HC2H_2;PF15612.5|WHIM1;PF15613.5|WSD
ORTHOMCL6669	ORTHOMCL6669_240	3	31	All_Galaxia_single_Gacrhelia	All_Porites_lineage	Galaxia	Porites	240	240	R	R	1	0.961	K	K	parallel	240	R	0.994	AllVertical	A0JPP5|TEX47_RAT;Q8TBZ9|TEX47_HUMAN;Q9D5W8|TEX47_MOUSE	PF03429.12|MSP1b;PF04940.11|BLUF;PF05591.11|T6SS_VipA;PF15490.5|Ten1_2
ORTHOMCL6669	ORTHOMCL6669_240	3	31	All_Galaxia_single_Gacrhelia	All_Porites_lineage	Galaxia	Porites	240	240	R	R	1	0.961	K	K	parallel	240	R	0.999	Galaxia	A0JPP5|TEX47_RAT;Q8TBZ9|TEX47_HUMAN;Q9D5W8|TEX47_MOUSE	PF03429.12|MSP1b;PF04940.11|BLUF;PF05591.11|T6SS_VipA;PF15490.5|Ten1_2
ORTHOMCL6750	ORTHOMCL6750_56	20	11	All_Pocilloporid_lineage	All_Montipora_single_Maequitube	Pocilloporid	Montipora	56	56	Y	Y	0.978	0.914	H	H	parallel	56	F	0.931	AllVertical	P07174|TNR16_RAT;P18519|TNR16_CHICK	PF00020.17|TNFR_c6;PF00531.21|Death;PF01080.16|Presenilin;PF01737.16|Ycf9;PF01914.16|MarC;PF02009.15|RIFIN;PF03070.15|TENA_THI-4;PF03345.13|DDOST_48kD;PF04156.13|IncA;PF04172.15|LrgB;PF04277.12|OAD_gamma;PF05454.10|DAG1;PF05545.10|FixQ;PF05961.10|Chordopox_A13L;PF06024.11|Orf78;PF06305.10|LapA_dom;PF06675.10|DUF1177;PF06679.11|DUF1180;PF07010.11|Endomucin;PF07095.10|IgaA;PF07562.13|NCD3G;PF07584.10|BatA;PF07699.12|Ephrin_rec_like;PF08374.10|Protocadherin;PF08693.9|SKG6;PF09594.9|GT87;PF09843.8|DUF2070;PF09972.8|DUF2207;PF10577.8|UPF0560;PF10643.8|Cytochrome-c551;PF12191.7|stn_TNFRSF12A;PF12650.6|DUF3784;PF12698.6|ABC2_membrane_3;PF12768.6|Rax2;PF13584.5|BatD;PF14231.5|GXWXG;PF14316.5|DUF4381;PF14575.5|EphA2_TM;PF14787.5|zf-CCHC_5;PF14991.5|MLANA;PF15102.5|TMEM154;PF15179.5|Myc_target_1;PF15330.5|SIT;PF15681.4|LAX;PF15706.4|TMEM132D_C;PF15820.4|ECSCR;PF16082.4|Phage_holin_2_4;PF16492.4|Cadherin_C_2;PF17359.1|DUF5385;PF17410.1|Stevor
ORTHOMCL7139	ORTHOMCL7139_271	9	3	All_Pocilloporid_single_Shystrix	All_Montipora_single_Maequitube	Pocilloporid	Montipora	271	271	L	L	0.987	0.955	I	I	parallel	271	L	0.947	AllVertical	A8JF70|ODA1_CHLRE;Q2T9W3|CCD63_BOVIN	PF01166.17|TSC22;PF02403.21|Seryl_tRNA_N;PF02500.14|DNA_pack_N;PF03962.14|Mnd1;PF04111.11|APG6;PF04513.11|Baculo_PEP_C;PF04582.11|Reo_sigmaC;PF04728.12|LPP;PF05377.10|FlaC_arch;PF05531.11|NPV_P10;PF05667.10|DUF812;PF05837.11|CENP-H;PF06818.14|Fez1;PF09177.10|Syntaxin-6_N;PF09454.9|Vps23_core;PF09548.9|Spore_III_AB;PF09744.8|Jnk-SapK_ap_N;PF09787.8|Golgin_A5;PF10392.8|COG5;PF10465.8|Inhibitor_I24;PF12128.7|DUF3584;PF13851.5|GAS;PF14362.5|DUF4407;PF15278.5|Sec3_C_2;PF15636.5|Tox-GHH;PF16331.4|TolA_bind_tri;PF16378.4|DUF4988;PF16471.4|JIP_LZII;PF16888.4|DUF5082;PF16902.4|Type2_restr_D3;PF16925.4|TetR_C_13
ORTHOMCL7139	ORTHOMCL7139_271	9	8	All_Pocilloporid_single_Shystrix	All_Porites_single_Plobata	Pocilloporid	Porites	271	271	L	L	0.987	0.983	I	I	parallel	271	L	0.947	AllVertical	A8JF70|ODA1_CHLRE;Q2T9W3|CCD63_BOVIN	PF01166.17|TSC22;PF02403.21|Seryl_tRNA_N;PF02500.14|DNA_pack_N;PF03962.14|Mnd1;PF04111.11|APG6;PF04513.11|Baculo_PEP_C;PF04582.11|Reo_sigmaC;PF04728.12|LPP;PF05377.10|FlaC_arch;PF05531.11|NPV_P10;PF05667.10|DUF812;PF05837.11|CENP-H;PF06818.14|Fez1;PF09177.10|Syntaxin-6_N;PF09454.9|Vps23_core;PF09548.9|Spore_III_AB;PF09744.8|Jnk-SapK_ap_N;PF09787.8|Golgin_A5;PF10392.8|COG5;PF10465.8|Inhibitor_I24;PF12128.7|DUF3584;PF13851.5|GAS;PF14362.5|DUF4407;PF15278.5|Sec3_C_2;PF15636.5|Tox-GHH;PF16331.4|TolA_bind_tri;PF16378.4|DUF4988;PF16471.4|JIP_LZII;PF16888.4|DUF5082;PF16902.4|Type2_restr_D3;PF16925.4|TetR_C_13
ORTHOMCL7139	ORTHOMCL7139_271	3	8	All_Montipora_single_Maequitube	All_Porites_single_Plobata	Montipora	Porites	271	271	L	L	0.955	0.983	I	I	parallel	271	L	0.947	AllVertical	A8JF70|ODA1_CHLRE;Q2T9W3|CCD63_BOVIN	PF01166.17|TSC22;PF02403.21|Seryl_tRNA_N;PF02500.14|DNA_pack_N;PF03962.14|Mnd1;PF04111.11|APG6;PF04513.11|Baculo_PEP_C;PF04582.11|Reo_sigmaC;PF04728.12|LPP;PF05377.10|FlaC_arch;PF05531.11|NPV_P10;PF05667.10|DUF812;PF05837.11|CENP-H;PF06818.14|Fez1;PF09177.10|Syntaxin-6_N;PF09454.9|Vps23_core;PF09548.9|Spore_III_AB;PF09744.8|Jnk-SapK_ap_N;PF09787.8|Golgin_A5;PF10392.8|COG5;PF10465.8|Inhibitor_I24;PF12128.7|DUF3584;PF13851.5|GAS;PF14362.5|DUF4407;PF15278.5|Sec3_C_2;PF15636.5|Tox-GHH;PF16331.4|TolA_bind_tri;PF16378.4|DUF4988;PF16471.4|JIP_LZII;PF16888.4|DUF5082;PF16902.4|Type2_restr_D3;PF16925.4|TetR_C_13
ORTHOMCL7254	ORTHOMCL7254_30	22	27	All_Montipora_lineage	All_Porites_lineage	Montipora	Porites	30	30	K	K	0.925	0.952	N	N	parallel	30	K	0.979	AllVertical	Q5R839|S41A1_PONAB;Q6DFC0|S41A2_XENLA;Q8BYR8|S41A2_MOUSE	PF01769.15|MgtE;PF01899.15|MNHE
ORTHOMCL7418	ORTHOMCL7418_281	7	2	All_Pocilloporid_single_Shystrix	All_Galaxia_single_Gacrhelia	Pocilloporid	Galaxia	281	281	M	M	0.994	0.986	V	V	parallel	281	M	0.978	AllVertical	O43432|IF4G3_HUMAN;Q04637|IF4G1_HUMAN;Q80XI3|IF4G3_MOUSE	PF00566.17|RabGAP-TBC;PF02020.17|W2;PF02847.16|MA3;PF02854.18|MIF4G;PF04800.11|ETC_C1_NDUFA4;PF05193.20|Peptidase_M16_C;PF05456.10|eIF_4EBP;PF08004.10|DUF1699;PF08631.9|SPO22;PF09851.8|SHOCT;PF10198.8|Ada3;PF12152.7|eIF_4G1;PF14599.5|zinc_ribbon_6
ORTHOMCL8234	ORTHOMCL8234_479	1	8	All_Pocilloporid_single_Shystrix	All_Galaxia_single_Gacrhelia	Pocilloporid	Galaxia	479	479	P	P	0.993	0.936	S	S	parallel	479	S	0.986	AllVertical	P00519|ABL1_HUMAN;P00520|ABL1_MOUSE;P00521|ABL_MLVAB;Q17R13|ACK1_BOVIN	PF00017.23|SH2;PF00018.27|SH3_1;PF00069.24|Pkinase;PF00536.29|SAM_1;PF01985.20|CRS1_YhbY;PF04870.15|Moulting_cycle;PF07647.16|SAM_2;PF07653.16|SH3_2;PF07714.16|Pkinase_Tyr;PF07751.10|Abi_2;PF08239.10|SH3_3;PF08496.9|Peptidase_S49_N;PF08919.9|F_actin_bind;PF12330.7|Haspin_kinase;PF13103.5|TonB_2;PF14531.5|Kinase-like;PF14604.5|SH3_9;PF14633.5|SH2_2;PF15807.4|MAP17
ORTHOMCL8370	ORTHOMCL8370_207	1	11	All_Pocilloporid_single_Mauretenra	All_Montipora_single_Mcapitata	Pocilloporid	Montipora	207	207	K	K	0.992	0.988	S	S	parallel	207	R	0.983	AllVertical	O32229|YVAG_BACSU;O34782|YVRD_BACSU;P45200|Y1430_HAEIN;Q5HLD8|Y2049_STAEQ;Q8RJB2|BZRD_BACCE	PF00106.24|adh_short;PF01135.18|PCMT;PF01370.20|Epimerase;PF02719.14|Polysacc_synt_2;PF03688.13|Nepo_coat_C;PF03807.16|F420_oxidored;PF04321.16|RmlD_sub_bind;PF04418.11|DUF543;PF08659.9|KR;PF13561.5|adh_short_C2
ORTHOMCL8524	ORTHOMCL8524_225	5	25	All_Pocilloporid_single_Spistillat	All_Porites_lineage	Pocilloporid	Porites	225	225	Q	Q	0.967	0.976	H	H	parallel	225	Q	0.982	AllVertical	A4IIM3|SIN1_XENTR;Q8BKH7|SIN1_MOUSE	PF00788.22|RA;PF05422.11|SIN1;PF05602.11|CLPTM1;PF07893.12|DUF1668;PF16978.4|CRIM;PF16979.4|SIN1_PH
ORTHOMCL8658	ORTHOMCL8658_1278	2	11	All_Montipora_single_Maequitube	All_Porites_single_Paustralie	Montipora	Porites	1278	1278	Q	Q	0.958	0.991	E	E	parallel	1278	K	0.956	AllVertical	D3ZHA0|FLNC_RAT;Q14315|FLNC_HUMAN;Q80X90|FLNB_MOUSE;Q8BTM8|FLNA_MOUSE	PF00307.30|CH;PF00630.18|Filamin;PF00801.19|PKD;PF00927.21|Transglut_C;PF01105.23|EMP24_GP25L;PF01835.18|A2M_N;PF02246.14|B1;PF02369.15|Big_1;PF04234.11|CopC;PF05345.11|He_PIG;PF05751.10|FixH;PF06294.10|CH_2;PF07151.11|DUF1391;PF07495.12|Y_Y_Y;PF09134.9|Invasin_D3;PF11721.7|Malectin;PF11971.7|CAMSAP_CH;PF12092.7|DUF3568;PF12371.7|TMEM131_like;PF12742.6|Gryzun-like;PF13115.5|YtkA;PF13620.5|CarboxypepD_reg;PF13669.5|Glyoxalase_4;PF13715.5|CarbopepD_reg_2;PF13878.5|zf-C2H2_3;PF13895.5|Ig_2;PF13944.5|Calycin_like;PF13954.5|PapC_N;PF14277.5|DUF4364;PF14344.5|DUF4397;PF14347.5|DUF4399;PF14524.5|Wzt_C;PF15780.4|ASH;PF16403.4|DUF5011;PF16586.4|DUF5060;PF16640.4|Big_3_5
ORTHOMCL8658	ORTHOMCL8658_758	7	1	All_Pocilloporid_single_Shystrix	All_Galaxia_single_Gacrhelia	Pocilloporid	Galaxia	758	758	K	K	0.993	0.994	T	T	parallel	758	T	0.988	AllVertical	D3ZHA0|FLNC_RAT;Q14315|FLNC_HUMAN;Q80X90|FLNB_MOUSE;Q8BTM8|FLNA_MOUSE	PF00307.30|CH;PF00630.18|Filamin;PF00801.19|PKD;PF00927.21|Transglut_C;PF01105.23|EMP24_GP25L;PF01835.18|A2M_N;PF02246.14|B1;PF02369.15|Big_1;PF04234.11|CopC;PF05345.11|He_PIG;PF05751.10|FixH;PF06294.10|CH_2;PF07151.11|DUF1391;PF07495.12|Y_Y_Y;PF09134.9|Invasin_D3;PF11721.7|Malectin;PF11971.7|CAMSAP_CH;PF12092.7|DUF3568;PF12371.7|TMEM131_like;PF12742.6|Gryzun-like;PF13115.5|YtkA;PF13620.5|CarboxypepD_reg;PF13669.5|Glyoxalase_4;PF13715.5|CarbopepD_reg_2;PF13878.5|zf-C2H2_3;PF13895.5|Ig_2;PF13944.5|Calycin_like;PF13954.5|PapC_N;PF14277.5|DUF4364;PF14344.5|DUF4397;PF14347.5|DUF4399;PF14524.5|Wzt_C;PF15780.4|ASH;PF16403.4|DUF5011;PF16586.4|DUF5060;PF16640.4|Big_3_5
ORTHOMCL8909	ORTHOMCL8909_45	6	23	All_Galaxia_single_Gacrhelia	All_Porites_lineage	Galaxia	Porites	45	45	F	F	0.971	0.97	Y	Y	parallel	45	F	0.933	Galaxia	G4WMX4|RYAR_TRICA;Q924H0|NPFF2_MOUSE;Q9EQD2|NPFF2_RAT;Q9Y5X5|NPFF2_HUMAN	PF00001.20|7tm_1;PF03125.17|Sre;PF05296.12|TAS2R;PF09972.8|DUF2207;PF10320.8|7TM_GPCR_Srsx;PF10324.8|7TM_GPCR_Srw;PF10332.8|DUF2418;PF12725.6|DUF3810;PF13853.5|7tm_4;PF15050.5|SCIMP
ORTHOMCL9223	ORTHOMCL9223_29	3	21	All_Pocilloporid_single_Shystrix	All_Porites_lineage	Pocilloporid	Porites	29	29	E	E	0.925	0.915	K	K	parallel	29	K	0.929	AllVertical	B8UU78|ELP_ACRMI	PF00008.26|EGF;PF00054.22|Laminin_G_1;PF01410.17|COLFI;PF02210.23|Laminin_G_2;PF03597.14|FixS;PF04478.11|Mid2;PF05434.10|Tmemb_9;PF05454.10|DAG1;PF05568.10|ASFV_J13L;PF05569.10|Peptidase_M56;PF06024.11|Orf78;PF09972.8|DUF2207;PF11770.7|GAPT;PF11837.7|DUF3357;PF11857.7|DUF3377;PF12216.7|m04gp34like;PF12661.6|hEGF;PF13385.5|Laminin_G_3;PF13800.5|Sigma_reg_N;PF14316.5|DUF4381;PF14575.5|EphA2_TM;PF14610.5|DUF4448;PF14991.5|MLANA;PF15102.5|TMEM154;PF15681.4|LAX;PF16101.4|PRIMA1
ORTHOMCL9423	ORTHOMCL9423_120	11	6	All_Galaxia_single_Gacrhelia	All_Porites_single_Plobata	Galaxia	Porites	120	120	M	M	0.997	0.999	L	L	parallel	120	M	0.93	AllVertical	Q5VVB8|TM244_HUMAN	PF01312.18|Bac_export_2;PF07204.10|Orthoreo_P10;PF07907.10|YibE_F;PF07947.13|YhhN;PF08611.9|DUF1774;PF09531.9|Ndc1_Nup;PF09801.8|SYS1;PF09843.8|DUF2070;PF12077.7|DUF3556;PF14110.5|DUF4282;PF16481.4|DUF5058
ORTHOMCL9511	ORTHOMCL9511_339	16	25	All_Pocilloporid_lineage	All_Porites_lineage	Pocilloporid	Porites	339	339	N	N	0.954	0.941	T	T	parallel	339	N	0.913	AllVertical	Q15853|USF2_HUMAN;Q63665|USF2_RAT;Q68DE3|USF3_HUMAN;Q6XBT4|USF1_BOVIN	PF00010.25|HLH;PF00170.20|bZIP_1;PF01486.16|K-box;PF01920.19|Prefoldin_2;PF02403.21|Seryl_tRNA_N;PF04156.13|IncA;PF04175.11|DUF406;PF04977.14|DivIC;PF05073.11|Baculo_p24;PF05388.10|Carbpep_Y_N;PF05508.10|Ran-binding;PF05769.10|SIKE;PF06160.11|EzrA;PF06631.10|DUF1154;PF07716.14|bZIP_2;PF09748.8|Med10;PF09823.8|DUF2357;PF10241.8|KxDL;PF10473.8|CENP-F_leu_zip;PF10639.8|TMEM234;PF12916.6|DUF3834;PF14389.5|Lzipper-MIP1;PF14746.5|WASH-7_C;PF14846.5|DUF4485;PF15035.5|Rootletin;PF15112.5|DUF4559;PF15615.5|TerB_C;PF15619.5|Lebercilin;PF15796.4|KELK;PF15960.4|DUF4763;PF16226.4|DUF4885
ORTHOMCL9613	ORTHOMCL9613_254	3	23	All_Montipora_single_Maequitube	All_Porites_lineage	Montipora	Porites	254	254	F	F	0.962	0.924	Y	Y	parallel	254	L	0.989	AllVertical	Q3V0C5|UBP48_MOUSE;Q86UV5|UBP48_HUMAN	PF00240.22|ubiquitin;PF00443.28|UCH;PF02192.15|PI3K_p85B;PF05820.10|Ac81;PF06337.11|DUSP;PF13423.5|UCH_1;PF14768.5|RPA_interact_C;PF15636.5|Tox-GHH;PF17178.3|MASE5
