seq	name.x	term	lev	value	swissProt	name.y	egn	db	description
ORTHOMCL10346	actomyosin	GO:0001725;GO:0032432;GO:0042641	2	1	Q9UHB6	LIMA1_HUMAN	LIMA1	HUMAN	LIM domain and actin binding 1 [Source:HGNC Symbol;Acc:HGNC:24636]
ORTHOMCL11911	actomyosin	GO:0001725;GO:0032432;GO:0042641	2	1	Q8IY33	MILK2_HUMAN	MILK2	HUMAN	MICAL like 2 [Source:HGNC Symbol;Acc:HGNC:29672]
ORTHOMCL2526	actomyosin	GO:0001725;GO:0032432;GO:0042641	2	1	P19352	TPM2_CHICK	TPM2	CHICK	Tropomyosin beta chain  [Source:UniProtKB/Swiss-Prot;Acc:P19352]
ORTHOMCL3836	actomyosin	GO:0001725;GO:0032432;GO:0042641	2	1	O16127	TPM_ECHGR	TPM	ECHGR	none
ORTHOMCL5710	actomyosin	GO:0001725;GO:0032432;GO:0042641	2	1	P08133	ANXA6_HUMAN	ANXA6	HUMAN	annexin A6 [Source:HGNC Symbol;Acc:HGNC:544]
ORTHOMCL5783	actomyosin	GO:0001725;GO:0032432;GO:0042641	2	1	Q3B7N2	ACTN1_BOVIN	ACTN1	BOVIN	actinin alpha 1 [Source:VGNC Symbol;Acc:VGNC:25581]
ORTHOMCL6604	actomyosin	GO:0001725;GO:0032432;GO:0042641	2	1	Q8WUM4	PDC6I_HUMAN	PDC6I	HUMAN	programmed cell death 6 interacting protein [Source:HGNC Symbol;Acc:HGNC:8766]
ORTHOMCL837	actomyosin	GO:0001725;GO:0032432;GO:0042641	2	1	O16127	TPM_ECHGR	TPM	ECHGR	none
ORTHOMCL8658	actomyosin	GO:0001725;GO:0032432;GO:0042641	2	1	Q14315	FLNC_HUMAN	FLNC	HUMAN	filamin C [Source:HGNC Symbol;Acc:HGNC:3756]
ORTHOMCL10346	anchoring junction	GO:0005912;GO:0070161	2	1	Q9UHB6	LIMA1_HUMAN	LIMA1	HUMAN	LIM domain and actin binding 1 [Source:HGNC Symbol;Acc:HGNC:24636]
ORTHOMCL10542	anchoring junction	GO:0005912;GO:0070161	2	1	P16086	SPTN1_RAT	SPTN1	RAT	none
ORTHOMCL10853	anchoring junction	GO:0005912;GO:0070161	2	1	Q13308	PTK7_HUMAN	PTK7	HUMAN	protein tyrosine kinase 7 (inactive) [Source:HGNC Symbol;Acc:HGNC:9618]
ORTHOMCL12636	anchoring junction	GO:0005912;GO:0070161	2	1	Q9Y490	TLN1_HUMAN	TLN1	HUMAN	talin 1 [Source:HGNC Symbol;Acc:HGNC:11845]
ORTHOMCL12979	anchoring junction	GO:0005912;GO:0070161	2	1	Q8TDM6	DLG5_HUMAN	DLG5	HUMAN	discs large MAGUK scaffold protein 5 [Source:HGNC Symbol;Acc:HGNC:2904]
ORTHOMCL14888	anchoring junction	GO:0005912;GO:0070161	2	1	Q8N556	AFAP1_HUMAN	AFAP1	HUMAN	actin filament associated protein 1 [Source:HGNC Symbol;Acc:HGNC:24017]
ORTHOMCL14894	anchoring junction	GO:0005912;GO:0070161	2	1	Q6V0I7	FAT4_HUMAN	FAT4	HUMAN	FAT atypical cadherin 4 [Source:HGNC Symbol;Acc:HGNC:23109]
ORTHOMCL15391	anchoring junction	GO:0005912;GO:0070161	2	1	O60242	AGRB3_HUMAN	AGRB3	HUMAN	adhesion G protein-coupled receptor B3 [Source:HGNC Symbol;Acc:HGNC:945]
ORTHOMCL17211	anchoring junction	GO:0005912;GO:0070161	2	1	P82279	CRUM1_HUMAN	CRUM1	HUMAN	crumbs 1, cell polarity complex component [Source:HGNC Symbol;Acc:HGNC:2343]
ORTHOMCL1772	anchoring junction	GO:0005912;GO:0070161	2	1	Q92597	NDRG1_HUMAN	NDRG1	HUMAN	N-myc downstream regulated 1 [Source:HGNC Symbol;Acc:HGNC:7679]
ORTHOMCL20096	anchoring junction	GO:0005912;GO:0070161	2	1	P16621	LAR_DROME	LAR	DROME	Leukocyte-antigen-related-like [Source:FlyBase;Acc:FBgn0000464]
ORTHOMCL21753	anchoring junction	GO:0005912;GO:0070161	2	1	Q8NDA2	HMCN2_HUMAN	HMCN2	HUMAN	hemicentin 2 [Source:HGNC Symbol;Acc:HGNC:21293]
ORTHOMCL2684	anchoring junction	GO:0005912;GO:0070161	2	1	Q96RW7	HMCN1_HUMAN	HMCN1	HUMAN	hemicentin 1 [Source:HGNC Symbol;Acc:HGNC:19194]
ORTHOMCL3753	anchoring junction	GO:0005912;GO:0070161	2	1	O14901	KLF11_HUMAN	KLF11	HUMAN	Kruppel like factor 11 [Source:HGNC Symbol;Acc:HGNC:11811]
ORTHOMCL5710	anchoring junction	GO:0005912;GO:0070161	2	1	P08133	ANXA6_HUMAN	ANXA6	HUMAN	annexin A6 [Source:HGNC Symbol;Acc:HGNC:544]
ORTHOMCL5783	anchoring junction	GO:0005912;GO:0070161	2	1	Q3B7N2	ACTN1_BOVIN	ACTN1	BOVIN	actinin alpha 1 [Source:VGNC Symbol;Acc:VGNC:25581]
ORTHOMCL6140	anchoring junction	GO:0005912;GO:0070161	2	1	P46531	NOTC1_HUMAN	NOTC1	HUMAN	notch 1 [Source:HGNC Symbol;Acc:HGNC:7881]
ORTHOMCL6604	anchoring junction	GO:0005912;GO:0070161	2	1	Q8WUM4	PDC6I_HUMAN	PDC6I	HUMAN	programmed cell death 6 interacting protein [Source:HGNC Symbol;Acc:HGNC:8766]
ORTHOMCL8234	anchoring junction	GO:0005912;GO:0070161	2	1	P00519	ABL1_HUMAN	ABL1	HUMAN	ABL proto-oncogene 1, non-receptor tyrosine kinase [Source:HGNC Symbol;Acc:HGNC:76]
ORTHOMCL8545	anchoring junction	GO:0005912;GO:0070161	2	1	Q15366	PCBP2_HUMAN	PCBP2	HUMAN	poly(rC) binding protein 2 [Source:HGNC Symbol;Acc:HGNC:8648]
ORTHOMCL8658	anchoring junction	GO:0005912;GO:0070161	2	1	Q14315	FLNC_HUMAN	FLNC	HUMAN	filamin C [Source:HGNC Symbol;Acc:HGNC:3756]
ORTHOMCL9617	anchoring junction	GO:0005912;GO:0070161	2	1	Q96N67	DOCK7_HUMAN	DOCK7	HUMAN	dedicator of cytokinesis 7 [Source:HGNC Symbol;Acc:HGNC:19190]
ORTHOMCL9688	anchoring junction	GO:0005912;GO:0070161	2	1	Q14118	DAG1_HUMAN	DAG1	HUMAN	dystroglycan 1 [Source:HGNC Symbol;Acc:HGNC:2666]
ORTHOMCL10542	axon part	GO:0033267	2	1	P16086	SPTN1_RAT	SPTN1	RAT	none
ORTHOMCL10803	axon part	GO:0033267	2	1	P55115	NAS15_CAEEL	NAS15	CAEEL	none
ORTHOMCL12283	axon part	GO:0033267	2	1	P29274	AA2AR_HUMAN	AA2AR	HUMAN	adenosine A2a receptor [Source:HGNC Symbol;Acc:HGNC:263]
ORTHOMCL16006	axon part	GO:0033267	2	1	Q7Z460	CLAP1_HUMAN	CLAP1	HUMAN	cytoplasmic linker associated protein 1 [Source:HGNC Symbol;Acc:HGNC:17088]
ORTHOMCL16076	axon part	GO:0033267	2	1	P78357	CNTP1_HUMAN	CNTP1	HUMAN	contactin associated protein 1 [Source:HGNC Symbol;Acc:HGNC:8011]
ORTHOMCL16201	axon part	GO:0033267	2	1	A1KZ92	PXDNL_HUMAN	PXDNL	HUMAN	peroxidasin like [Source:HGNC Symbol;Acc:HGNC:26359]
ORTHOMCL18707	axon part	GO:0033267	2	1	Q05940	VMAT2_HUMAN	VMAT2	HUMAN	solute carrier family 18 member A2 [Source:HGNC Symbol;Acc:HGNC:10935]
ORTHOMCL19328	axon part	GO:0033267	2	1	Q9UGM3	DMBT1_HUMAN	DMBT1	HUMAN	deleted in malignant brain tumors 1 [Source:HGNC Symbol;Acc:HGNC:2926]
ORTHOMCL20096	axon part	GO:0033267	2	1	P16621	LAR_DROME	LAR	DROME	Leukocyte-antigen-related-like [Source:FlyBase;Acc:FBgn0000464]
ORTHOMCL2067	axon part	GO:0033267	2	1	P19419	ELK1_HUMAN	ELK1	HUMAN	ELK1, ETS transcription factor [Source:HGNC Symbol;Acc:HGNC:3321]
ORTHOMCL21753	axon part	GO:0033267	2	1	Q8NDA2	HMCN2_HUMAN	HMCN2	HUMAN	hemicentin 2 [Source:HGNC Symbol;Acc:HGNC:21293]
ORTHOMCL22756	axon part	GO:0033267	2	1	Q13639	5HT4R_HUMAN	5HT4R	HUMAN	5-hydroxytryptamine receptor 4 [Source:HGNC Symbol;Acc:HGNC:5299]
ORTHOMCL2684	axon part	GO:0033267	2	1	Q96RW7	HMCN1_HUMAN	HMCN1	HUMAN	hemicentin 1 [Source:HGNC Symbol;Acc:HGNC:19194]
ORTHOMCL2788	axon part	GO:0033267	2	1	Q99961	SH3G1_HUMAN	SH3G1	HUMAN	SH3 domain containing GRB2 like 1, endophilin A2 [Source:HGNC Symbol;Acc:HGNC:10830]
ORTHOMCL5490	axon part	GO:0033267	2	1	Q12955	ANK3_HUMAN	ANK3	HUMAN	ankyrin 3 [Source:HGNC Symbol;Acc:HGNC:494]
ORTHOMCL6750	axon part	GO:0033267	2	1	P18519	TNR16_CHICK	TNR16	CHICK	Tumor necrosis factor receptor superfamily member 16  [Source:UniProtKB/Swiss-Prot;Acc:P18519]
ORTHOMCL7549	axon part	GO:0033267	2	1	P29371	NK3R_HUMAN	NK3R	HUMAN	tachykinin receptor 3 [Source:HGNC Symbol;Acc:HGNC:11528]
ORTHOMCL8060	axon part	GO:0033267	2	1	Q8IVL0	NAV3_HUMAN	NAV3	HUMAN	neuron navigator 3 [Source:HGNC Symbol;Acc:HGNC:15998]
ORTHOMCL8494	axon part	GO:0033267	2	1	Q01484	ANK2_HUMAN	ANK2	HUMAN	ankyrin 2 [Source:HGNC Symbol;Acc:HGNC:493]
ORTHOMCL8545	axon part	GO:0033267	2	1	Q15366	PCBP2_HUMAN	PCBP2	HUMAN	poly(rC) binding protein 2 [Source:HGNC Symbol;Acc:HGNC:8648]
ORTHOMCL9688	axon part	GO:0033267	2	1	Q14118	DAG1_HUMAN	DAG1	HUMAN	dystroglycan 1 [Source:HGNC Symbol;Acc:HGNC:2666]
ORTHOMCL10273	cell projection membrane	GO:0031253	2	1	Q14678	KANK1_HUMAN	KANK1	HUMAN	KN motif and ankyrin repeat domains 1 [Source:HGNC Symbol;Acc:HGNC:19309]
ORTHOMCL10803	cell projection membrane	GO:0031253	2	1	P55115	NAS15_CAEEL	NAS15	CAEEL	none
ORTHOMCL12283	cell projection membrane	GO:0031253	2	1	P29274	AA2AR_HUMAN	AA2AR	HUMAN	adenosine A2a receptor [Source:HGNC Symbol;Acc:HGNC:263]
ORTHOMCL12636	cell projection membrane	GO:0031253	2	1	Q9Y490	TLN1_HUMAN	TLN1	HUMAN	talin 1 [Source:HGNC Symbol;Acc:HGNC:11845]
ORTHOMCL13749	cell projection membrane	GO:0031253	2	1	Q3UTQ8	CDKL5_MOUSE	CDKL5	MOUSE	none
ORTHOMCL1501	cell projection membrane	GO:0031253	2	1	P18848	ATF4_HUMAN	ATF4	HUMAN	activating transcription factor 4 [Source:HGNC Symbol;Acc:HGNC:786]
ORTHOMCL15828	cell projection membrane	GO:0031253	2	1	Q9Y6L7	TLL2_HUMAN	TLL2	HUMAN	tolloid like 2 [Source:HGNC Symbol;Acc:HGNC:11844]
ORTHOMCL16006	cell projection membrane	GO:0031253	2	1	Q7Z460	CLAP1_HUMAN	CLAP1	HUMAN	cytoplasmic linker associated protein 1 [Source:HGNC Symbol;Acc:HGNC:17088]
ORTHOMCL16076	cell projection membrane	GO:0031253	2	1	P78357	CNTP1_HUMAN	CNTP1	HUMAN	contactin associated protein 1 [Source:HGNC Symbol;Acc:HGNC:8011]
ORTHOMCL16201	cell projection membrane	GO:0031253	2	1	A1KZ92	PXDNL_HUMAN	PXDNL	HUMAN	peroxidasin like [Source:HGNC Symbol;Acc:HGNC:26359]
ORTHOMCL17727	cell projection membrane	GO:0031253	2	1	Q8WXG9	GPR98_HUMAN	GPR98	HUMAN	adhesion G protein-coupled receptor V1 [Source:HGNC Symbol;Acc:HGNC:17416]
ORTHOMCL18815	cell projection membrane	GO:0031253	2	1	O75445	USH2A_HUMAN	USH2A	HUMAN	usherin [Source:HGNC Symbol;Acc:HGNC:12601]
ORTHOMCL18882	cell projection membrane	GO:0031253	2	1	Q8WWZ8	OIT3_HUMAN	OIT3	HUMAN	oncoprotein induced transcript 3 [Source:HGNC Symbol;Acc:HGNC:29953]
ORTHOMCL20096	cell projection membrane	GO:0031253	2	1	P16621	LAR_DROME	LAR	DROME	Leukocyte-antigen-related-like [Source:FlyBase;Acc:FBgn0000464]
ORTHOMCL21753	cell projection membrane	GO:0031253	2	1	Q8NDA2	HMCN2_HUMAN	HMCN2	HUMAN	hemicentin 2 [Source:HGNC Symbol;Acc:HGNC:21293]
ORTHOMCL22756	cell projection membrane	GO:0031253	2	1	Q13639	5HT4R_HUMAN	5HT4R	HUMAN	5-hydroxytryptamine receptor 4 [Source:HGNC Symbol;Acc:HGNC:5299]
ORTHOMCL2684	cell projection membrane	GO:0031253	2	1	Q96RW7	HMCN1_HUMAN	HMCN1	HUMAN	hemicentin 1 [Source:HGNC Symbol;Acc:HGNC:19194]
ORTHOMCL5732	cell projection membrane	GO:0031253	2	1	O43490	PROM1_HUMAN	PROM1	HUMAN	prominin 1 [Source:HGNC Symbol;Acc:HGNC:9454]
ORTHOMCL5859	cell projection membrane	GO:0031253	2	1	Q5ZLR1	WLS_CHICK	WLS	CHICK	none
ORTHOMCL5871	cell projection membrane	GO:0031253	2	1	P30531	SC6A1_HUMAN	SC6A1	HUMAN	solute carrier family 6 member 1 [Source:HGNC Symbol;Acc:HGNC:11042]
ORTHOMCL6750	cell projection membrane	GO:0031253	2	1	P18519	TNR16_CHICK	TNR16	CHICK	Tumor necrosis factor receptor superfamily member 16  [Source:UniProtKB/Swiss-Prot;Acc:P18519]
ORTHOMCL7209	cell projection membrane	GO:0031253	2	1	Q8BTI9	PK3CB_MOUSE	PK3CB	MOUSE	none
ORTHOMCL7549	cell projection membrane	GO:0031253	2	1	P29371	NK3R_HUMAN	NK3R	HUMAN	tachykinin receptor 3 [Source:HGNC Symbol;Acc:HGNC:11528]
ORTHOMCL8723	cell projection membrane	GO:0031253	2	1	Q6VAB6	KSR2_HUMAN	KSR2	HUMAN	kinase suppressor of ras 2 [Source:HGNC Symbol;Acc:HGNC:18610]
ORTHOMCL10542	cell-cell adherens junction	GO:0005913	3	1	P16086	SPTN1_RAT	SPTN1	RAT	none
ORTHOMCL12636	cell-cell adherens junction	GO:0005913	3	1	Q9Y490	TLN1_HUMAN	TLN1	HUMAN	talin 1 [Source:HGNC Symbol;Acc:HGNC:11845]
ORTHOMCL12979	cell-cell adherens junction	GO:0005913	3	1	Q8TDM6	DLG5_HUMAN	DLG5	HUMAN	discs large MAGUK scaffold protein 5 [Source:HGNC Symbol;Acc:HGNC:2904]
ORTHOMCL17211	cell-cell adherens junction	GO:0005913	3	1	P82279	CRUM1_HUMAN	CRUM1	HUMAN	crumbs 1, cell polarity complex component [Source:HGNC Symbol;Acc:HGNC:2343]
ORTHOMCL1772	cell-cell adherens junction	GO:0005913	3	1	Q92597	NDRG1_HUMAN	NDRG1	HUMAN	N-myc downstream regulated 1 [Source:HGNC Symbol;Acc:HGNC:7679]
ORTHOMCL5783	cell-cell adherens junction	GO:0005913	3	1	Q3B7N2	ACTN1_BOVIN	ACTN1	BOVIN	actinin alpha 1 [Source:VGNC Symbol;Acc:VGNC:25581]
ORTHOMCL9688	cell-cell adherens junction	GO:0005913	3	1	Q14118	DAG1_HUMAN	DAG1	HUMAN	dystroglycan 1 [Source:HGNC Symbol;Acc:HGNC:2666]
ORTHOMCL10542	cell-cell junction	GO:0005911	2	1	P16086	SPTN1_RAT	SPTN1	RAT	none
ORTHOMCL10853	cell-cell junction	GO:0005911	2	1	Q13308	PTK7_HUMAN	PTK7	HUMAN	protein tyrosine kinase 7 (inactive) [Source:HGNC Symbol;Acc:HGNC:9618]
ORTHOMCL11911	cell-cell junction	GO:0005911	2	1	Q8IY33	MILK2_HUMAN	MILK2	HUMAN	MICAL like 2 [Source:HGNC Symbol;Acc:HGNC:29672]
ORTHOMCL12636	cell-cell junction	GO:0005911	2	1	Q9Y490	TLN1_HUMAN	TLN1	HUMAN	talin 1 [Source:HGNC Symbol;Acc:HGNC:11845]
ORTHOMCL12979	cell-cell junction	GO:0005911	2	1	Q8TDM6	DLG5_HUMAN	DLG5	HUMAN	discs large MAGUK scaffold protein 5 [Source:HGNC Symbol;Acc:HGNC:2904]
ORTHOMCL13564	cell-cell junction	GO:0005911	2	1	Q12923	PTN13_HUMAN	PTN13	HUMAN	protein tyrosine phosphatase, non-receptor type 13 [Source:HGNC Symbol;Acc:HGNC:9646]
ORTHOMCL14894	cell-cell junction	GO:0005911	2	1	Q6V0I7	FAT4_HUMAN	FAT4	HUMAN	FAT atypical cadherin 4 [Source:HGNC Symbol;Acc:HGNC:23109]
ORTHOMCL15391	cell-cell junction	GO:0005911	2	1	O60242	AGRB3_HUMAN	AGRB3	HUMAN	adhesion G protein-coupled receptor B3 [Source:HGNC Symbol;Acc:HGNC:945]
ORTHOMCL15545	cell-cell junction	GO:0005911	2	1	P48766	NAC1_CAVPO	NAC1	CAVPO	none
ORTHOMCL16076	cell-cell junction	GO:0005911	2	1	P78357	CNTP1_HUMAN	CNTP1	HUMAN	contactin associated protein 1 [Source:HGNC Symbol;Acc:HGNC:8011]
ORTHOMCL16201	cell-cell junction	GO:0005911	2	1	A1KZ92	PXDNL_HUMAN	PXDNL	HUMAN	peroxidasin like [Source:HGNC Symbol;Acc:HGNC:26359]
ORTHOMCL17211	cell-cell junction	GO:0005911	2	1	P82279	CRUM1_HUMAN	CRUM1	HUMAN	crumbs 1, cell polarity complex component [Source:HGNC Symbol;Acc:HGNC:2343]
ORTHOMCL1772	cell-cell junction	GO:0005911	2	1	Q92597	NDRG1_HUMAN	NDRG1	HUMAN	N-myc downstream regulated 1 [Source:HGNC Symbol;Acc:HGNC:7679]
ORTHOMCL21753	cell-cell junction	GO:0005911	2	1	Q8NDA2	HMCN2_HUMAN	HMCN2	HUMAN	hemicentin 2 [Source:HGNC Symbol;Acc:HGNC:21293]
ORTHOMCL2684	cell-cell junction	GO:0005911	2	1	Q96RW7	HMCN1_HUMAN	HMCN1	HUMAN	hemicentin 1 [Source:HGNC Symbol;Acc:HGNC:19194]
ORTHOMCL5490	cell-cell junction	GO:0005911	2	1	Q12955	ANK3_HUMAN	ANK3	HUMAN	ankyrin 3 [Source:HGNC Symbol;Acc:HGNC:494]
ORTHOMCL5495	cell-cell junction	GO:0005911	2	1	Q8N441	FGRL1_HUMAN	FGRL1	HUMAN	fibroblast growth factor receptor like 1 [Source:HGNC Symbol;Acc:HGNC:3693]
ORTHOMCL5783	cell-cell junction	GO:0005911	2	1	Q3B7N2	ACTN1_BOVIN	ACTN1	BOVIN	actinin alpha 1 [Source:VGNC Symbol;Acc:VGNC:25581]
ORTHOMCL6604	cell-cell junction	GO:0005911	2	1	Q8WUM4	PDC6I_HUMAN	PDC6I	HUMAN	programmed cell death 6 interacting protein [Source:HGNC Symbol;Acc:HGNC:8766]
ORTHOMCL6750	cell-cell junction	GO:0005911	2	1	P18519	TNR16_CHICK	TNR16	CHICK	Tumor necrosis factor receptor superfamily member 16  [Source:UniProtKB/Swiss-Prot;Acc:P18519]
ORTHOMCL7262	cell-cell junction	GO:0005911	2	1	Q7T3A4	RAB13_DANRE	RAB13	DANRE	RAB13, member RAS oncogene family [Source:ZFIN;Acc:ZDB-GENE-030826-30]
ORTHOMCL8494	cell-cell junction	GO:0005911	2	1	Q01484	ANK2_HUMAN	ANK2	HUMAN	ankyrin 2 [Source:HGNC Symbol;Acc:HGNC:493]
ORTHOMCL8658	cell-cell junction	GO:0005911	2	1	Q14315	FLNC_HUMAN	FLNC	HUMAN	filamin C [Source:HGNC Symbol;Acc:HGNC:3756]
ORTHOMCL9634	cell-cell junction	GO:0005911	2	1	Q13507	TRPC3_HUMAN	TRPC3	HUMAN	transient receptor potential cation channel subfamily C member 3 [Source:HGNC Symbol;Acc:HGNC:12335]
ORTHOMCL9688	cell-cell junction	GO:0005911	2	1	Q14118	DAG1_HUMAN	DAG1	HUMAN	dystroglycan 1 [Source:HGNC Symbol;Acc:HGNC:2666]
ORTHOMCL10346	contractile fiber part	GO:0044449	2	1	Q9UHB6	LIMA1_HUMAN	LIMA1	HUMAN	LIM domain and actin binding 1 [Source:HGNC Symbol;Acc:HGNC:24636]
ORTHOMCL10542	contractile fiber part	GO:0044449	2	1	P16086	SPTN1_RAT	SPTN1	RAT	none
ORTHOMCL15545	contractile fiber part	GO:0044449	2	1	P48766	NAC1_CAVPO	NAC1	CAVPO	none
ORTHOMCL16201	contractile fiber part	GO:0044449	2	1	A1KZ92	PXDNL_HUMAN	PXDNL	HUMAN	peroxidasin like [Source:HGNC Symbol;Acc:HGNC:26359]
ORTHOMCL21753	contractile fiber part	GO:0044449	2	1	Q8NDA2	HMCN2_HUMAN	HMCN2	HUMAN	hemicentin 2 [Source:HGNC Symbol;Acc:HGNC:21293]
ORTHOMCL2526	contractile fiber part	GO:0044449	2	1	P19352	TPM2_CHICK	TPM2	CHICK	Tropomyosin beta chain  [Source:UniProtKB/Swiss-Prot;Acc:P19352]
ORTHOMCL2684	contractile fiber part	GO:0044449	2	1	Q96RW7	HMCN1_HUMAN	HMCN1	HUMAN	hemicentin 1 [Source:HGNC Symbol;Acc:HGNC:19194]
ORTHOMCL2804	contractile fiber part	GO:0044449	2	1	Q99727	TIMP4_HUMAN	TIMP4	HUMAN	TIMP metallopeptidase inhibitor 4 [Source:HGNC Symbol;Acc:HGNC:11823]
ORTHOMCL3836	contractile fiber part	GO:0044449	2	1	O16127	TPM_ECHGR	TPM	ECHGR	none
ORTHOMCL5490	contractile fiber part	GO:0044449	2	1	Q12955	ANK3_HUMAN	ANK3	HUMAN	ankyrin 3 [Source:HGNC Symbol;Acc:HGNC:494]
ORTHOMCL5783	contractile fiber part	GO:0044449	2	1	Q3B7N2	ACTN1_BOVIN	ACTN1	BOVIN	actinin alpha 1 [Source:VGNC Symbol;Acc:VGNC:25581]
ORTHOMCL837	contractile fiber part	GO:0044449	2	1	O16127	TPM_ECHGR	TPM	ECHGR	none
ORTHOMCL8494	contractile fiber part	GO:0044449	2	1	Q01484	ANK2_HUMAN	ANK2	HUMAN	ankyrin 2 [Source:HGNC Symbol;Acc:HGNC:493]
ORTHOMCL8658	contractile fiber part	GO:0044449	2	1	Q14315	FLNC_HUMAN	FLNC	HUMAN	filamin C [Source:HGNC Symbol;Acc:HGNC:3756]
ORTHOMCL9688	contractile fiber part	GO:0044449	2	1	Q14118	DAG1_HUMAN	DAG1	HUMAN	dystroglycan 1 [Source:HGNC Symbol;Acc:HGNC:2666]
ORTHOMCL10542	cortical cytoskeleton	GO:0030863	2	1	P16086	SPTN1_RAT	SPTN1	RAT	none
ORTHOMCL16006	cortical cytoskeleton	GO:0030863	2	1	Q7Z460	CLAP1_HUMAN	CLAP1	HUMAN	cytoplasmic linker associated protein 1 [Source:HGNC Symbol;Acc:HGNC:17088]
ORTHOMCL2526	cortical cytoskeleton	GO:0030863	2	1	P19352	TPM2_CHICK	TPM2	CHICK	Tropomyosin beta chain  [Source:UniProtKB/Swiss-Prot;Acc:P19352]
ORTHOMCL3836	cortical cytoskeleton	GO:0030863	2	1	O16127	TPM_ECHGR	TPM	ECHGR	none
ORTHOMCL5783	cortical cytoskeleton	GO:0030863	2	1	Q3B7N2	ACTN1_BOVIN	ACTN1	BOVIN	actinin alpha 1 [Source:VGNC Symbol;Acc:VGNC:25581]
ORTHOMCL837	cortical cytoskeleton	GO:0030863	2	1	O16127	TPM_ECHGR	TPM	ECHGR	none
ORTHOMCL10357	cytoplasmic vesicle	GO:0016023;GO:0031410	2	1	P42680	TEC_HUMAN	TEC	HUMAN	tec protein tyrosine kinase [Source:HGNC Symbol;Acc:HGNC:11719]
ORTHOMCL10803	cytoplasmic vesicle	GO:0016023;GO:0031410	2	1	P55115	NAS15_CAEEL	NAS15	CAEEL	none
ORTHOMCL11624	cytoplasmic vesicle	GO:0016023;GO:0031410	2	1	Q8N3C7	CLIP4_HUMAN	CLIP4	HUMAN	CAP-Gly domain containing linker protein family member 4 [Source:HGNC Symbol;Acc:HGNC:26108]
ORTHOMCL1168	cytoplasmic vesicle	GO:0016023;GO:0031410	2	1	Q7T070	RHBG_DANRE	RHBG	DANRE	Rh family, B glycoprotein (gene/pseudogene) [Source:ZFIN;Acc:ZDB-GENE-030131-9542]
ORTHOMCL12070	cytoplasmic vesicle	GO:0016023;GO:0031410	2	1	P00451	FA8_HUMAN	FA8	HUMAN	coagulation factor VIII [Source:HGNC Symbol;Acc:HGNC:3546]
ORTHOMCL13564	cytoplasmic vesicle	GO:0016023;GO:0031410	2	1	Q12923	PTN13_HUMAN	PTN13	HUMAN	protein tyrosine phosphatase, non-receptor type 13 [Source:HGNC Symbol;Acc:HGNC:9646]
ORTHOMCL13690	cytoplasmic vesicle	GO:0016023;GO:0031410	2	1	Q6P3S1	DEN1B_HUMAN	DEN1B	HUMAN	DENN domain containing 1B [Source:HGNC Symbol;Acc:HGNC:28404]
ORTHOMCL15828	cytoplasmic vesicle	GO:0016023;GO:0031410	2	1	Q9Y6L7	TLL2_HUMAN	TLL2	HUMAN	tolloid like 2 [Source:HGNC Symbol;Acc:HGNC:11844]
ORTHOMCL1606	cytoplasmic vesicle	GO:0016023;GO:0031410	2	1	Q9UBR2	CATZ_HUMAN	CATZ	HUMAN	cathepsin Z [Source:HGNC Symbol;Acc:HGNC:2547]
ORTHOMCL16368	cytoplasmic vesicle	GO:0016023;GO:0031410	2	1	P0C5Y8	ALS2_RAT	ALS2	RAT	none
ORTHOMCL16531	cytoplasmic vesicle	GO:0016023;GO:0031410	2	1	Q29611	CLN3_CANLF	CLN3	CANLF	none
ORTHOMCL17892	cytoplasmic vesicle	GO:0016023;GO:0031410	2	1	Q9P219	DAPLE_HUMAN	DAPLE	HUMAN	coiled-coil domain containing 88C [Source:HGNC Symbol;Acc:HGNC:19967]
ORTHOMCL18576	cytoplasmic vesicle	GO:0016023;GO:0031410	2	1	Q96RW7	HMCN1_HUMAN	HMCN1	HUMAN	hemicentin 1 [Source:HGNC Symbol;Acc:HGNC:19194]
ORTHOMCL18707	cytoplasmic vesicle	GO:0016023;GO:0031410	2	1	Q05940	VMAT2_HUMAN	VMAT2	HUMAN	solute carrier family 18 member A2 [Source:HGNC Symbol;Acc:HGNC:10935]
ORTHOMCL18882	cytoplasmic vesicle	GO:0016023;GO:0031410	2	1	Q8WWZ8	OIT3_HUMAN	OIT3	HUMAN	oncoprotein induced transcript 3 [Source:HGNC Symbol;Acc:HGNC:29953]
ORTHOMCL19328	cytoplasmic vesicle	GO:0016023;GO:0031410	2	1	Q9UGM3	DMBT1_HUMAN	DMBT1	HUMAN	deleted in malignant brain tumors 1 [Source:HGNC Symbol;Acc:HGNC:2926]
ORTHOMCL21753	cytoplasmic vesicle	GO:0016023;GO:0031410	2	1	Q8NDA2	HMCN2_HUMAN	HMCN2	HUMAN	hemicentin 2 [Source:HGNC Symbol;Acc:HGNC:21293]
ORTHOMCL2452	cytoplasmic vesicle	GO:0016023;GO:0031410	2	1	P58200	VTI1B_RAT	VTI1B	RAT	none
ORTHOMCL2684	cytoplasmic vesicle	GO:0016023;GO:0031410	2	1	Q96RW7	HMCN1_HUMAN	HMCN1	HUMAN	hemicentin 1 [Source:HGNC Symbol;Acc:HGNC:19194]
ORTHOMCL3153	cytoplasmic vesicle	GO:0016023;GO:0031410	2	1	O75340	PDCD6_HUMAN	PDCD6	HUMAN	programmed cell death 6 [Source:HGNC Symbol;Acc:HGNC:8765]
ORTHOMCL4474	cytoplasmic vesicle	GO:0016023;GO:0031410	2	1	P83852	CBPD_LOPSP	CBPD	LOPSP	none
ORTHOMCL4637	cytoplasmic vesicle	GO:0016023;GO:0031410	2	1	P20073	ANXA7_HUMAN	ANXA7	HUMAN	annexin A7 [Source:HGNC Symbol;Acc:HGNC:545]
ORTHOMCL5125	cytoplasmic vesicle	GO:0016023;GO:0031410	2	1	P56962	STX17_HUMAN	STX17	HUMAN	syntaxin 17 [Source:HGNC Symbol;Acc:HGNC:11432]
ORTHOMCL5495	cytoplasmic vesicle	GO:0016023;GO:0031410	2	1	Q8N441	FGRL1_HUMAN	FGRL1	HUMAN	fibroblast growth factor receptor like 1 [Source:HGNC Symbol;Acc:HGNC:3693]
ORTHOMCL5636	cytoplasmic vesicle	GO:0016023;GO:0031410	2	1	Q495T6	MMEL1_HUMAN	MMEL1	HUMAN	membrane metalloendopeptidase like 1 [Source:HGNC Symbol;Acc:HGNC:14668]
ORTHOMCL5710	cytoplasmic vesicle	GO:0016023;GO:0031410	2	1	P08133	ANXA6_HUMAN	ANXA6	HUMAN	annexin A6 [Source:HGNC Symbol;Acc:HGNC:544]
ORTHOMCL5859	cytoplasmic vesicle	GO:0016023;GO:0031410	2	1	Q5ZLR1	WLS_CHICK	WLS	CHICK	none
ORTHOMCL5865	cytoplasmic vesicle	GO:0016023;GO:0031410	2	1	Q10588	BST1_HUMAN	BST1	HUMAN	bone marrow stromal cell antigen 1 [Source:HGNC Symbol;Acc:HGNC:1118]
ORTHOMCL5964	cytoplasmic vesicle	GO:0016023;GO:0031410	2	1	Q8TDW5	SYTL5_HUMAN	SYTL5	HUMAN	synaptotagmin like 5 [Source:HGNC Symbol;Acc:HGNC:15589]
ORTHOMCL5984	cytoplasmic vesicle	GO:0016023;GO:0031410	2	1	F1RCP1	BECN1_DANRE	BECN1	DANRE	beclin 1, autophagy related [Source:ZFIN;Acc:ZDB-GENE-040426-1666]
ORTHOMCL6140	cytoplasmic vesicle	GO:0016023;GO:0031410	2	1	P46531	NOTC1_HUMAN	NOTC1	HUMAN	notch 1 [Source:HGNC Symbol;Acc:HGNC:7881]
ORTHOMCL6373	cytoplasmic vesicle	GO:0016023;GO:0031410	2	1	Q96L93	KI16B_HUMAN	KI16B	HUMAN	kinesin family member 16B [Source:HGNC Symbol;Acc:HGNC:15869]
ORTHOMCL6448	cytoplasmic vesicle	GO:0016023;GO:0031410	2	1	Q9UDT6	CLIP2_HUMAN	CLIP2	HUMAN	CAP-Gly domain containing linker protein 2 [Source:HGNC Symbol;Acc:HGNC:2586]
ORTHOMCL6604	cytoplasmic vesicle	GO:0016023;GO:0031410	2	1	Q8WUM4	PDC6I_HUMAN	PDC6I	HUMAN	programmed cell death 6 interacting protein [Source:HGNC Symbol;Acc:HGNC:8766]
ORTHOMCL6659	cytoplasmic vesicle	GO:0016023;GO:0031410	2	1	Q96AX1	VP33A_HUMAN	VP33A	HUMAN	VPS33A, CORVET/HOPS core subunit [Source:HGNC Symbol;Acc:HGNC:18179]
ORTHOMCL6750	cytoplasmic vesicle	GO:0016023;GO:0031410	2	1	P18519	TNR16_CHICK	TNR16	CHICK	Tumor necrosis factor receptor superfamily member 16  [Source:UniProtKB/Swiss-Prot;Acc:P18519]
ORTHOMCL7131	cytoplasmic vesicle	GO:0016023;GO:0031410	2	1	Q6H9L7	ISM2_HUMAN	ISM2	HUMAN	isthmin 2 [Source:HGNC Symbol;Acc:HGNC:23176]
ORTHOMCL7262	cytoplasmic vesicle	GO:0016023;GO:0031410	2	1	Q7T3A4	RAB13_DANRE	RAB13	DANRE	RAB13, member RAS oncogene family [Source:ZFIN;Acc:ZDB-GENE-030826-30]
ORTHOMCL7524	cytoplasmic vesicle	GO:0016023;GO:0031410	2	1	O00461	GOLI4_HUMAN	GOLI4	HUMAN	golgi integral membrane protein 4 [Source:HGNC Symbol;Acc:HGNC:15448]
ORTHOMCL7720	cytoplasmic vesicle	GO:0016023;GO:0031410	2	1	O14964	HGS_HUMAN	HGS	HUMAN	hepatocyte growth factor-regulated tyrosine kinase substrate [Source:HGNC Symbol;Acc:HGNC:4897]
ORTHOMCL8070	cytoplasmic vesicle	GO:0016023;GO:0031410	2	1	Q54CH1	ADCA_DICDI	ADCA	DICDI	none
ORTHOMCL8234	cytoplasmic vesicle	GO:0016023;GO:0031410	2	1	P00519	ABL1_HUMAN	ABL1	HUMAN	ABL proto-oncogene 1, non-receptor tyrosine kinase [Source:HGNC Symbol;Acc:HGNC:76]
ORTHOMCL8524	cytoplasmic vesicle	GO:0016023;GO:0031410	2	1	A4IIM3	SIN1_XENTR	SIN1	XENTR	none
ORTHOMCL8658	cytoplasmic vesicle	GO:0016023;GO:0031410	2	1	Q14315	FLNC_HUMAN	FLNC	HUMAN	filamin C [Source:HGNC Symbol;Acc:HGNC:3756]
ORTHOMCL10803	endosome	GO:0005768	3	1	P55115	NAS15_CAEEL	NAS15	CAEEL	none
ORTHOMCL10972	endosome	GO:0005768	3	1	O88307	SORL_MOUSE	SORL	MOUSE	none
ORTHOMCL11621	endosome	GO:0005768	3	1	Q5T1M5	FKB15_HUMAN	FKB15	HUMAN	FK506 binding protein 15 [Source:HGNC Symbol;Acc:HGNC:23397]
ORTHOMCL11790	endosome	GO:0005768	3	1	P10586	PTPRF_HUMAN	PTPRF	HUMAN	protein tyrosine phosphatase, receptor type F [Source:HGNC Symbol;Acc:HGNC:9670]
ORTHOMCL11911	endosome	GO:0005768	3	1	Q8IY33	MILK2_HUMAN	MILK2	HUMAN	MICAL like 2 [Source:HGNC Symbol;Acc:HGNC:29672]
ORTHOMCL12059	endosome	GO:0005768	3	1	Q7Z3C6	ATG9A_HUMAN	ATG9A	HUMAN	autophagy related 9A [Source:HGNC Symbol;Acc:HGNC:22408]
ORTHOMCL12283	endosome	GO:0005768	3	1	P29274	AA2AR_HUMAN	AA2AR	HUMAN	adenosine A2a receptor [Source:HGNC Symbol;Acc:HGNC:263]
ORTHOMCL15512	endosome	GO:0005768	3	1	Q9NR09	BIRC6_HUMAN	BIRC6	HUMAN	baculoviral IAP repeat containing 6 [Source:HGNC Symbol;Acc:HGNC:13516]
ORTHOMCL15828	endosome	GO:0005768	3	1	Q9Y6L7	TLL2_HUMAN	TLL2	HUMAN	tolloid like 2 [Source:HGNC Symbol;Acc:HGNC:11844]
ORTHOMCL16076	endosome	GO:0005768	3	1	P78357	CNTP1_HUMAN	CNTP1	HUMAN	contactin associated protein 1 [Source:HGNC Symbol;Acc:HGNC:8011]
ORTHOMCL16368	endosome	GO:0005768	3	1	P0C5Y8	ALS2_RAT	ALS2	RAT	none
ORTHOMCL16531	endosome	GO:0005768	3	1	Q29611	CLN3_CANLF	CLN3	CANLF	none
ORTHOMCL19328	endosome	GO:0005768	3	1	Q9UGM3	DMBT1_HUMAN	DMBT1	HUMAN	deleted in malignant brain tumors 1 [Source:HGNC Symbol;Acc:HGNC:2926]
ORTHOMCL20096	endosome	GO:0005768	3	1	P16621	LAR_DROME	LAR	DROME	Leukocyte-antigen-related-like [Source:FlyBase;Acc:FBgn0000464]
ORTHOMCL20491	endosome	GO:0005768	3	1	Q641Q2	WAC2A_HUMAN	WAC2A	HUMAN	WASH complex subunit 2A [Source:HGNC Symbol;Acc:HGNC:23416]
ORTHOMCL22756	endosome	GO:0005768	3	1	Q13639	5HT4R_HUMAN	5HT4R	HUMAN	5-hydroxytryptamine receptor 4 [Source:HGNC Symbol;Acc:HGNC:5299]
ORTHOMCL2452	endosome	GO:0005768	3	1	P58200	VTI1B_RAT	VTI1B	RAT	none
ORTHOMCL2788	endosome	GO:0005768	3	1	Q99961	SH3G1_HUMAN	SH3G1	HUMAN	SH3 domain containing GRB2 like 1, endophilin A2 [Source:HGNC Symbol;Acc:HGNC:10830]
ORTHOMCL3153	endosome	GO:0005768	3	1	O75340	PDCD6_HUMAN	PDCD6	HUMAN	programmed cell death 6 [Source:HGNC Symbol;Acc:HGNC:8765]
ORTHOMCL5490	endosome	GO:0005768	3	1	Q12955	ANK3_HUMAN	ANK3	HUMAN	ankyrin 3 [Source:HGNC Symbol;Acc:HGNC:494]
ORTHOMCL5623	endosome	GO:0005768	3	1	Q9H0R1	AP5M1_HUMAN	AP5M1	HUMAN	adaptor related protein complex 5 mu 1 subunit [Source:HGNC Symbol;Acc:HGNC:20192]
ORTHOMCL5636	endosome	GO:0005768	3	1	Q495T6	MMEL1_HUMAN	MMEL1	HUMAN	membrane metalloendopeptidase like 1 [Source:HGNC Symbol;Acc:HGNC:14668]
ORTHOMCL5859	endosome	GO:0005768	3	1	Q5ZLR1	WLS_CHICK	WLS	CHICK	none
ORTHOMCL5964	endosome	GO:0005768	3	1	Q8TDW5	SYTL5_HUMAN	SYTL5	HUMAN	synaptotagmin like 5 [Source:HGNC Symbol;Acc:HGNC:15589]
ORTHOMCL5984	endosome	GO:0005768	3	1	F1RCP1	BECN1_DANRE	BECN1	DANRE	beclin 1, autophagy related [Source:ZFIN;Acc:ZDB-GENE-040426-1666]
ORTHOMCL6373	endosome	GO:0005768	3	1	Q96L93	KI16B_HUMAN	KI16B	HUMAN	kinesin family member 16B [Source:HGNC Symbol;Acc:HGNC:15869]
ORTHOMCL6659	endosome	GO:0005768	3	1	Q96AX1	VP33A_HUMAN	VP33A	HUMAN	VPS33A, CORVET/HOPS core subunit [Source:HGNC Symbol;Acc:HGNC:18179]
ORTHOMCL6750	endosome	GO:0005768	3	1	P18519	TNR16_CHICK	TNR16	CHICK	Tumor necrosis factor receptor superfamily member 16  [Source:UniProtKB/Swiss-Prot;Acc:P18519]
ORTHOMCL7130	endosome	GO:0005768	3	1	O18973	RABX5_BOVIN	RABX5	BOVIN	none
ORTHOMCL7262	endosome	GO:0005768	3	1	Q7T3A4	RAB13_DANRE	RAB13	DANRE	RAB13, member RAS oncogene family [Source:ZFIN;Acc:ZDB-GENE-030826-30]
ORTHOMCL7720	endosome	GO:0005768	3	1	O14964	HGS_HUMAN	HGS	HUMAN	hepatocyte growth factor-regulated tyrosine kinase substrate [Source:HGNC Symbol;Acc:HGNC:4897]
ORTHOMCL8070	endosome	GO:0005768	3	1	Q54CH1	ADCA_DICDI	ADCA	DICDI	none
ORTHOMCL8234	endosome	GO:0005768	3	1	P00519	ABL1_HUMAN	ABL1	HUMAN	ABL proto-oncogene 1, non-receptor tyrosine kinase [Source:HGNC Symbol;Acc:HGNC:76]
ORTHOMCL8494	endosome	GO:0005768	3	1	Q01484	ANK2_HUMAN	ANK2	HUMAN	ankyrin 2 [Source:HGNC Symbol;Acc:HGNC:493]
ORTHOMCL9749	endosome	GO:0005768	3	1	Q13615	MTMR3_HUMAN	MTMR3	HUMAN	myotubularin related protein 3 [Source:HGNC Symbol;Acc:HGNC:7451]
ORTHOMCL10803	extracellular matrix	GO:0031012	1	1	P55115	NAS15_CAEEL	NAS15	CAEEL	none
ORTHOMCL10853	extracellular matrix	GO:0031012	1	1	Q13308	PTK7_HUMAN	PTK7	HUMAN	protein tyrosine kinase 7 (inactive) [Source:HGNC Symbol;Acc:HGNC:9618]
ORTHOMCL11301	extracellular matrix	GO:0031012	1	1	O60462	NRP2_HUMAN	NRP2	HUMAN	neuropilin 2 [Source:HGNC Symbol;Acc:HGNC:8005]
ORTHOMCL12064	extracellular matrix	GO:0031012	1	1	Q17RW2	COOA1_HUMAN	COOA1	HUMAN	collagen type XXIV alpha 1 chain [Source:HGNC Symbol;Acc:HGNC:20821]
ORTHOMCL12070	extracellular matrix	GO:0031012	1	1	P00451	FA8_HUMAN	FA8	HUMAN	coagulation factor VIII [Source:HGNC Symbol;Acc:HGNC:3546]
ORTHOMCL13636	extracellular matrix	GO:0031012	1	1	P11047	LAMC1_HUMAN	LAMC1	HUMAN	laminin subunit gamma 1 [Source:HGNC Symbol;Acc:HGNC:6492]
ORTHOMCL14676	extracellular matrix	GO:0031012	1	1	O60462	NRP2_HUMAN	NRP2	HUMAN	neuropilin 2 [Source:HGNC Symbol;Acc:HGNC:8005]
ORTHOMCL15828	extracellular matrix	GO:0031012	1	1	Q9Y6L7	TLL2_HUMAN	TLL2	HUMAN	tolloid like 2 [Source:HGNC Symbol;Acc:HGNC:11844]
ORTHOMCL16201	extracellular matrix	GO:0031012	1	1	A1KZ92	PXDNL_HUMAN	PXDNL	HUMAN	peroxidasin like [Source:HGNC Symbol;Acc:HGNC:26359]
ORTHOMCL18576	extracellular matrix	GO:0031012	1	1	Q96RW7	HMCN1_HUMAN	HMCN1	HUMAN	hemicentin 1 [Source:HGNC Symbol;Acc:HGNC:19194]
ORTHOMCL21753	extracellular matrix	GO:0031012	1	1	Q8NDA2	HMCN2_HUMAN	HMCN2	HUMAN	hemicentin 2 [Source:HGNC Symbol;Acc:HGNC:21293]
ORTHOMCL2684	extracellular matrix	GO:0031012	1	1	Q96RW7	HMCN1_HUMAN	HMCN1	HUMAN	hemicentin 1 [Source:HGNC Symbol;Acc:HGNC:19194]
ORTHOMCL2804	extracellular matrix	GO:0031012	1	1	Q99727	TIMP4_HUMAN	TIMP4	HUMAN	TIMP metallopeptidase inhibitor 4 [Source:HGNC Symbol;Acc:HGNC:11823]
ORTHOMCL6348	extracellular matrix	GO:0031012	1	1	P08120	CO4A1_DROME	CO4A1	DROME	Collagen type IV alpha 1 [Source:FlyBase;Acc:FBgn0000299]
ORTHOMCL6750	extracellular matrix	GO:0031012	1	1	P18519	TNR16_CHICK	TNR16	CHICK	Tumor necrosis factor receptor superfamily member 16  [Source:UniProtKB/Swiss-Prot;Acc:P18519]
ORTHOMCL7131	extracellular matrix	GO:0031012	1	1	Q6H9L7	ISM2_HUMAN	ISM2	HUMAN	isthmin 2 [Source:HGNC Symbol;Acc:HGNC:23176]
ORTHOMCL7522	extracellular matrix	GO:0031012	1	1	B5DF27	LOXL2_RAT	LOXL2	RAT	none
ORTHOMCL8060	extracellular matrix	GO:0031012	1	1	Q8IVL0	NAV3_HUMAN	NAV3	HUMAN	neuron navigator 3 [Source:HGNC Symbol;Acc:HGNC:15998]
ORTHOMCL8112	extracellular matrix	GO:0031012	1	1	Q17RW2	COOA1_HUMAN	COOA1	HUMAN	collagen type XXIV alpha 1 chain [Source:HGNC Symbol;Acc:HGNC:20821]
ORTHOMCL8503	extracellular matrix	GO:0031012	1	1	P02466	CO1A2_RAT	CO1A2	RAT	none
ORTHOMCL8545	extracellular matrix	GO:0031012	1	1	Q15366	PCBP2_HUMAN	PCBP2	HUMAN	poly(rC) binding protein 2 [Source:HGNC Symbol;Acc:HGNC:8648]
ORTHOMCL8658	extracellular matrix	GO:0031012	1	1	Q14315	FLNC_HUMAN	FLNC	HUMAN	filamin C [Source:HGNC Symbol;Acc:HGNC:3756]
ORTHOMCL9682	extracellular matrix	GO:0031012	1	1	Q17RW2	COOA1_HUMAN	COOA1	HUMAN	collagen type XXIV alpha 1 chain [Source:HGNC Symbol;Acc:HGNC:20821]
ORTHOMCL9688	extracellular matrix	GO:0031012	1	1	Q14118	DAG1_HUMAN	DAG1	HUMAN	dystroglycan 1 [Source:HGNC Symbol;Acc:HGNC:2666]
ORTHOMCL11301	extracellular matrix part	GO:0005604;GO:0044420	2	1	O60462	NRP2_HUMAN	NRP2	HUMAN	neuropilin 2 [Source:HGNC Symbol;Acc:HGNC:8005]
ORTHOMCL12064	extracellular matrix part	GO:0005604;GO:0044420	2	1	Q17RW2	COOA1_HUMAN	COOA1	HUMAN	collagen type XXIV alpha 1 chain [Source:HGNC Symbol;Acc:HGNC:20821]
ORTHOMCL13636	extracellular matrix part	GO:0005604;GO:0044420	2	1	P11047	LAMC1_HUMAN	LAMC1	HUMAN	laminin subunit gamma 1 [Source:HGNC Symbol;Acc:HGNC:6492]
ORTHOMCL15391	extracellular matrix part	GO:0005604;GO:0044420	2	1	O60242	AGRB3_HUMAN	AGRB3	HUMAN	adhesion G protein-coupled receptor B3 [Source:HGNC Symbol;Acc:HGNC:945]
ORTHOMCL16201	extracellular matrix part	GO:0005604;GO:0044420	2	1	A1KZ92	PXDNL_HUMAN	PXDNL	HUMAN	peroxidasin like [Source:HGNC Symbol;Acc:HGNC:26359]
ORTHOMCL18576	extracellular matrix part	GO:0005604;GO:0044420	2	1	Q96RW7	HMCN1_HUMAN	HMCN1	HUMAN	hemicentin 1 [Source:HGNC Symbol;Acc:HGNC:19194]
ORTHOMCL18815	extracellular matrix part	GO:0005604;GO:0044420	2	1	O75445	USH2A_HUMAN	USH2A	HUMAN	usherin [Source:HGNC Symbol;Acc:HGNC:12601]
ORTHOMCL19328	extracellular matrix part	GO:0005604;GO:0044420	2	1	Q9UGM3	DMBT1_HUMAN	DMBT1	HUMAN	deleted in malignant brain tumors 1 [Source:HGNC Symbol;Acc:HGNC:2926]
ORTHOMCL21753	extracellular matrix part	GO:0005604;GO:0044420	2	1	Q8NDA2	HMCN2_HUMAN	HMCN2	HUMAN	hemicentin 2 [Source:HGNC Symbol;Acc:HGNC:21293]
ORTHOMCL2684	extracellular matrix part	GO:0005604;GO:0044420	2	1	Q96RW7	HMCN1_HUMAN	HMCN1	HUMAN	hemicentin 1 [Source:HGNC Symbol;Acc:HGNC:19194]
ORTHOMCL2804	extracellular matrix part	GO:0005604;GO:0044420	2	1	Q99727	TIMP4_HUMAN	TIMP4	HUMAN	TIMP metallopeptidase inhibitor 4 [Source:HGNC Symbol;Acc:HGNC:11823]
ORTHOMCL6348	extracellular matrix part	GO:0005604;GO:0044420	2	1	P08120	CO4A1_DROME	CO4A1	DROME	Collagen type IV alpha 1 [Source:FlyBase;Acc:FBgn0000299]
ORTHOMCL7522	extracellular matrix part	GO:0005604;GO:0044420	2	1	B5DF27	LOXL2_RAT	LOXL2	RAT	none
ORTHOMCL8112	extracellular matrix part	GO:0005604;GO:0044420	2	1	Q17RW2	COOA1_HUMAN	COOA1	HUMAN	collagen type XXIV alpha 1 chain [Source:HGNC Symbol;Acc:HGNC:20821]
ORTHOMCL8503	extracellular matrix part	GO:0005604;GO:0044420	2	1	P02466	CO1A2_RAT	CO1A2	RAT	none
ORTHOMCL9682	extracellular matrix part	GO:0005604;GO:0044420	2	1	Q17RW2	COOA1_HUMAN	COOA1	HUMAN	collagen type XXIV alpha 1 chain [Source:HGNC Symbol;Acc:HGNC:20821]
ORTHOMCL9688	extracellular matrix part	GO:0005604;GO:0044420	2	1	Q14118	DAG1_HUMAN	DAG1	HUMAN	dystroglycan 1 [Source:HGNC Symbol;Acc:HGNC:2666]
ORTHOMCL10105	extracellular region	GO:0005576	1	1	Q6ZWJ8	KCP_HUMAN	KCP	HUMAN	none
ORTHOMCL10405	extracellular region	GO:0005576	1	1	Q20176	NAS39_CAEEL	NAS39	CAEEL	none
ORTHOMCL10803	extracellular region	GO:0005576	1	1	P55115	NAS15_CAEEL	NAS15	CAEEL	none
ORTHOMCL1085	extracellular region	GO:0005576	1	1	P10419	FMR1_ANTEL	FMR1	ANTEL	none
ORTHOMCL10853	extracellular region	GO:0005576	1	1	Q13308	PTK7_HUMAN	PTK7	HUMAN	protein tyrosine kinase 7 (inactive) [Source:HGNC Symbol;Acc:HGNC:9618]
ORTHOMCL11301	extracellular region	GO:0005576	1	1	O60462	NRP2_HUMAN	NRP2	HUMAN	neuropilin 2 [Source:HGNC Symbol;Acc:HGNC:8005]
ORTHOMCL12064	extracellular region	GO:0005576	1	1	Q17RW2	COOA1_HUMAN	COOA1	HUMAN	collagen type XXIV alpha 1 chain [Source:HGNC Symbol;Acc:HGNC:20821]
ORTHOMCL12070	extracellular region	GO:0005576	1	1	P00451	FA8_HUMAN	FA8	HUMAN	coagulation factor VIII [Source:HGNC Symbol;Acc:HGNC:3546]
ORTHOMCL12269	extracellular region	GO:0005576	1	1	Q9P232	CNTN3_HUMAN	CNTN3	HUMAN	contactin 3 [Source:HGNC Symbol;Acc:HGNC:2173]
ORTHOMCL12636	extracellular region	GO:0005576	1	1	Q9Y490	TLN1_HUMAN	TLN1	HUMAN	talin 1 [Source:HGNC Symbol;Acc:HGNC:11845]
ORTHOMCL13133	extracellular region	GO:0005576	1	1	Q9HAV5	TNR27_HUMAN	TNR27	HUMAN	ectodysplasin A2 receptor [Source:HGNC Symbol;Acc:HGNC:17756]
ORTHOMCL13636	extracellular region	GO:0005576	1	1	P11047	LAMC1_HUMAN	LAMC1	HUMAN	laminin subunit gamma 1 [Source:HGNC Symbol;Acc:HGNC:6492]
ORTHOMCL13698	extracellular region	GO:0005576	1	1	B3EWZ5	MLRP1_ACRMI	MLRP1	ACRMI	none
ORTHOMCL14369	extracellular region	GO:0005576	1	1	Q14667	K0100_HUMAN	K0100	HUMAN	KIAA0100 [Source:HGNC Symbol;Acc:HGNC:28960]
ORTHOMCL14676	extracellular region	GO:0005576	1	1	O60462	NRP2_HUMAN	NRP2	HUMAN	neuropilin 2 [Source:HGNC Symbol;Acc:HGNC:8005]
ORTHOMCL15828	extracellular region	GO:0005576	1	1	Q9Y6L7	TLL2_HUMAN	TLL2	HUMAN	tolloid like 2 [Source:HGNC Symbol;Acc:HGNC:11844]
ORTHOMCL1606	extracellular region	GO:0005576	1	1	Q9UBR2	CATZ_HUMAN	CATZ	HUMAN	cathepsin Z [Source:HGNC Symbol;Acc:HGNC:2547]
ORTHOMCL16201	extracellular region	GO:0005576	1	1	A1KZ92	PXDNL_HUMAN	PXDNL	HUMAN	peroxidasin like [Source:HGNC Symbol;Acc:HGNC:26359]
ORTHOMCL16323	extracellular region	GO:0005576	1	1	A6BM72	MEG11_HUMAN	MEG11	HUMAN	multiple EGF like domains 11 [Source:HGNC Symbol;Acc:HGNC:29635]
ORTHOMCL17211	extracellular region	GO:0005576	1	1	P82279	CRUM1_HUMAN	CRUM1	HUMAN	crumbs 1, cell polarity complex component [Source:HGNC Symbol;Acc:HGNC:2343]
ORTHOMCL17727	extracellular region	GO:0005576	1	1	Q8WXG9	GPR98_HUMAN	GPR98	HUMAN	adhesion G protein-coupled receptor V1 [Source:HGNC Symbol;Acc:HGNC:17416]
ORTHOMCL17886	extracellular region	GO:0005576	1	1	P48816	LYS_BOMMO	LYS	BOMMO	none
ORTHOMCL18576	extracellular region	GO:0005576	1	1	Q96RW7	HMCN1_HUMAN	HMCN1	HUMAN	hemicentin 1 [Source:HGNC Symbol;Acc:HGNC:19194]
ORTHOMCL18882	extracellular region	GO:0005576	1	1	Q8WWZ8	OIT3_HUMAN	OIT3	HUMAN	oncoprotein induced transcript 3 [Source:HGNC Symbol;Acc:HGNC:29953]
ORTHOMCL19328	extracellular region	GO:0005576	1	1	Q9UGM3	DMBT1_HUMAN	DMBT1	HUMAN	deleted in malignant brain tumors 1 [Source:HGNC Symbol;Acc:HGNC:2926]
ORTHOMCL20096	extracellular region	GO:0005576	1	1	P16621	LAR_DROME	LAR	DROME	Leukocyte-antigen-related-like [Source:FlyBase;Acc:FBgn0000464]
ORTHOMCL21753	extracellular region	GO:0005576	1	1	Q8NDA2	HMCN2_HUMAN	HMCN2	HUMAN	hemicentin 2 [Source:HGNC Symbol;Acc:HGNC:21293]
ORTHOMCL2684	extracellular region	GO:0005576	1	1	Q96RW7	HMCN1_HUMAN	HMCN1	HUMAN	hemicentin 1 [Source:HGNC Symbol;Acc:HGNC:19194]
ORTHOMCL3238	extracellular region	GO:0005576	1	1	O94985	CSTN1_HUMAN	CSTN1	HUMAN	calsyntenin 1 [Source:HGNC Symbol;Acc:HGNC:17447]
ORTHOMCL4474	extracellular region	GO:0005576	1	1	P83852	CBPD_LOPSP	CBPD	LOPSP	none
ORTHOMCL5495	extracellular region	GO:0005576	1	1	Q8N441	FGRL1_HUMAN	FGRL1	HUMAN	fibroblast growth factor receptor like 1 [Source:HGNC Symbol;Acc:HGNC:3693]
ORTHOMCL5636	extracellular region	GO:0005576	1	1	Q495T6	MMEL1_HUMAN	MMEL1	HUMAN	membrane metalloendopeptidase like 1 [Source:HGNC Symbol;Acc:HGNC:14668]
ORTHOMCL5865	extracellular region	GO:0005576	1	1	Q10588	BST1_HUMAN	BST1	HUMAN	bone marrow stromal cell antigen 1 [Source:HGNC Symbol;Acc:HGNC:1118]
ORTHOMCL6140	extracellular region	GO:0005576	1	1	P46531	NOTC1_HUMAN	NOTC1	HUMAN	notch 1 [Source:HGNC Symbol;Acc:HGNC:7881]
ORTHOMCL6348	extracellular region	GO:0005576	1	1	P08120	CO4A1_DROME	CO4A1	DROME	Collagen type IV alpha 1 [Source:FlyBase;Acc:FBgn0000299]
ORTHOMCL6750	extracellular region	GO:0005576	1	1	P18519	TNR16_CHICK	TNR16	CHICK	Tumor necrosis factor receptor superfamily member 16  [Source:UniProtKB/Swiss-Prot;Acc:P18519]
ORTHOMCL7131	extracellular region	GO:0005576	1	1	Q6H9L7	ISM2_HUMAN	ISM2	HUMAN	isthmin 2 [Source:HGNC Symbol;Acc:HGNC:23176]
ORTHOMCL7152	extracellular region	GO:0005576	1	1	Q32LH4	NIT1_BOVIN	NIT1	BOVIN	none
ORTHOMCL7192	extracellular region	GO:0005576	1	1	P19615	MYP_STRPU	MYP	STRPU	none
ORTHOMCL7263	extracellular region	GO:0005576	1	1	O95980	RECK_HUMAN	RECK	HUMAN	reversion inducing cysteine rich protein with kazal motifs [Source:HGNC Symbol;Acc:HGNC:11345]
ORTHOMCL7507	extracellular region	GO:0005576	1	1	Q9NR16	C163B_HUMAN	C163B	HUMAN	CD163 molecule like 1 [Source:HGNC Symbol;Acc:HGNC:30375]
ORTHOMCL7522	extracellular region	GO:0005576	1	1	B5DF27	LOXL2_RAT	LOXL2	RAT	none
ORTHOMCL8112	extracellular region	GO:0005576	1	1	Q17RW2	COOA1_HUMAN	COOA1	HUMAN	collagen type XXIV alpha 1 chain [Source:HGNC Symbol;Acc:HGNC:20821]
ORTHOMCL8503	extracellular region	GO:0005576	1	1	P02466	CO1A2_RAT	CO1A2	RAT	none
ORTHOMCL9682	extracellular region	GO:0005576	1	1	Q17RW2	COOA1_HUMAN	COOA1	HUMAN	collagen type XXIV alpha 1 chain [Source:HGNC Symbol;Acc:HGNC:20821]
ORTHOMCL9688	extracellular region	GO:0005576	1	1	Q14118	DAG1_HUMAN	DAG1	HUMAN	dystroglycan 1 [Source:HGNC Symbol;Acc:HGNC:2666]
ORTHOMCL10803	extracellular space	GO:0005615	2	1	P55115	NAS15_CAEEL	NAS15	CAEEL	none
ORTHOMCL10853	extracellular space	GO:0005615	2	1	Q13308	PTK7_HUMAN	PTK7	HUMAN	protein tyrosine kinase 7 (inactive) [Source:HGNC Symbol;Acc:HGNC:9618]
ORTHOMCL10972	extracellular space	GO:0005615	2	1	O88307	SORL_MOUSE	SORL	MOUSE	none
ORTHOMCL11301	extracellular space	GO:0005615	2	1	O60462	NRP2_HUMAN	NRP2	HUMAN	neuropilin 2 [Source:HGNC Symbol;Acc:HGNC:8005]
ORTHOMCL11680	extracellular space	GO:0005615	2	1	Q5JR59	MTUS2_HUMAN	MTUS2	HUMAN	microtubule associated scaffold protein 2 [Source:HGNC Symbol;Acc:HGNC:20595]
ORTHOMCL11961	extracellular space	GO:0005615	2	1	Q8TD84	DSCL1_HUMAN	DSCL1	HUMAN	DS cell adhesion molecule like 1 [Source:HGNC Symbol;Acc:HGNC:14656]
ORTHOMCL12064	extracellular space	GO:0005615	2	1	Q17RW2	COOA1_HUMAN	COOA1	HUMAN	collagen type XXIV alpha 1 chain [Source:HGNC Symbol;Acc:HGNC:20821]
ORTHOMCL12070	extracellular space	GO:0005615	2	1	P00451	FA8_HUMAN	FA8	HUMAN	coagulation factor VIII [Source:HGNC Symbol;Acc:HGNC:3546]
ORTHOMCL12178	extracellular space	GO:0005615	2	1	P49641	MA2A2_HUMAN	MA2A2	HUMAN	mannosidase alpha class 2A member 2 [Source:HGNC Symbol;Acc:HGNC:6825]
ORTHOMCL13636	extracellular space	GO:0005615	2	1	P11047	LAMC1_HUMAN	LAMC1	HUMAN	laminin subunit gamma 1 [Source:HGNC Symbol;Acc:HGNC:6492]
ORTHOMCL14031	extracellular space	GO:0005615	2	1	Q8NB25	F184A_HUMAN	F184A	HUMAN	family with sequence similarity 184 member A [Source:HGNC Symbol;Acc:HGNC:20991]
ORTHOMCL14676	extracellular space	GO:0005615	2	1	O60462	NRP2_HUMAN	NRP2	HUMAN	neuropilin 2 [Source:HGNC Symbol;Acc:HGNC:8005]
ORTHOMCL15391	extracellular space	GO:0005615	2	1	O60242	AGRB3_HUMAN	AGRB3	HUMAN	adhesion G protein-coupled receptor B3 [Source:HGNC Symbol;Acc:HGNC:945]
ORTHOMCL15828	extracellular space	GO:0005615	2	1	Q9Y6L7	TLL2_HUMAN	TLL2	HUMAN	tolloid like 2 [Source:HGNC Symbol;Acc:HGNC:11844]
ORTHOMCL1606	extracellular space	GO:0005615	2	1	Q9UBR2	CATZ_HUMAN	CATZ	HUMAN	cathepsin Z [Source:HGNC Symbol;Acc:HGNC:2547]
ORTHOMCL16201	extracellular space	GO:0005615	2	1	A1KZ92	PXDNL_HUMAN	PXDNL	HUMAN	peroxidasin like [Source:HGNC Symbol;Acc:HGNC:26359]
ORTHOMCL17886	extracellular space	GO:0005615	2	1	P48816	LYS_BOMMO	LYS	BOMMO	none
ORTHOMCL18576	extracellular space	GO:0005615	2	1	Q96RW7	HMCN1_HUMAN	HMCN1	HUMAN	hemicentin 1 [Source:HGNC Symbol;Acc:HGNC:19194]
ORTHOMCL18882	extracellular space	GO:0005615	2	1	Q8WWZ8	OIT3_HUMAN	OIT3	HUMAN	oncoprotein induced transcript 3 [Source:HGNC Symbol;Acc:HGNC:29953]
ORTHOMCL19328	extracellular space	GO:0005615	2	1	Q9UGM3	DMBT1_HUMAN	DMBT1	HUMAN	deleted in malignant brain tumors 1 [Source:HGNC Symbol;Acc:HGNC:2926]
ORTHOMCL20096	extracellular space	GO:0005615	2	1	P16621	LAR_DROME	LAR	DROME	Leukocyte-antigen-related-like [Source:FlyBase;Acc:FBgn0000464]
ORTHOMCL21753	extracellular space	GO:0005615	2	1	Q8NDA2	HMCN2_HUMAN	HMCN2	HUMAN	hemicentin 2 [Source:HGNC Symbol;Acc:HGNC:21293]
ORTHOMCL2684	extracellular space	GO:0005615	2	1	Q96RW7	HMCN1_HUMAN	HMCN1	HUMAN	hemicentin 1 [Source:HGNC Symbol;Acc:HGNC:19194]
ORTHOMCL2804	extracellular space	GO:0005615	2	1	Q99727	TIMP4_HUMAN	TIMP4	HUMAN	TIMP metallopeptidase inhibitor 4 [Source:HGNC Symbol;Acc:HGNC:11823]
ORTHOMCL3238	extracellular space	GO:0005615	2	1	O94985	CSTN1_HUMAN	CSTN1	HUMAN	calsyntenin 1 [Source:HGNC Symbol;Acc:HGNC:17447]
ORTHOMCL3303	extracellular space	GO:0005615	2	1	O00299	CLIC1_HUMAN	CLIC1	HUMAN	chloride intracellular channel 1 [Source:HGNC Symbol;Acc:HGNC:2062]
ORTHOMCL4474	extracellular space	GO:0005615	2	1	P83852	CBPD_LOPSP	CBPD	LOPSP	none
ORTHOMCL5732	extracellular space	GO:0005615	2	1	O43490	PROM1_HUMAN	PROM1	HUMAN	prominin 1 [Source:HGNC Symbol;Acc:HGNC:9454]
ORTHOMCL6348	extracellular space	GO:0005615	2	1	P08120	CO4A1_DROME	CO4A1	DROME	Collagen type IV alpha 1 [Source:FlyBase;Acc:FBgn0000299]
ORTHOMCL6750	extracellular space	GO:0005615	2	1	P18519	TNR16_CHICK	TNR16	CHICK	Tumor necrosis factor receptor superfamily member 16  [Source:UniProtKB/Swiss-Prot;Acc:P18519]
ORTHOMCL7131	extracellular space	GO:0005615	2	1	Q6H9L7	ISM2_HUMAN	ISM2	HUMAN	isthmin 2 [Source:HGNC Symbol;Acc:HGNC:23176]
ORTHOMCL7369	extracellular space	GO:0005615	2	1	O60733	PLPL9_HUMAN	PLPL9	HUMAN	phospholipase A2 group VI [Source:HGNC Symbol;Acc:HGNC:9039]
ORTHOMCL7507	extracellular space	GO:0005615	2	1	Q9NR16	C163B_HUMAN	C163B	HUMAN	CD163 molecule like 1 [Source:HGNC Symbol;Acc:HGNC:30375]
ORTHOMCL7522	extracellular space	GO:0005615	2	1	B5DF27	LOXL2_RAT	LOXL2	RAT	none
ORTHOMCL8503	extracellular space	GO:0005615	2	1	P02466	CO1A2_RAT	CO1A2	RAT	none
ORTHOMCL9682	extracellular space	GO:0005615	2	1	Q17RW2	COOA1_HUMAN	COOA1	HUMAN	collagen type XXIV alpha 1 chain [Source:HGNC Symbol;Acc:HGNC:20821]
ORTHOMCL9688	extracellular space	GO:0005615	2	1	Q14118	DAG1_HUMAN	DAG1	HUMAN	dystroglycan 1 [Source:HGNC Symbol;Acc:HGNC:2666]
ORTHOMCL10357	extrinsic component of membrane	GO:0019898	2	1	P42680	TEC_HUMAN	TEC	HUMAN	tec protein tyrosine kinase [Source:HGNC Symbol;Acc:HGNC:11719]
ORTHOMCL10803	extrinsic component of membrane	GO:0019898	2	1	P55115	NAS15_CAEEL	NAS15	CAEEL	none
ORTHOMCL11301	extrinsic component of membrane	GO:0019898	2	1	O60462	NRP2_HUMAN	NRP2	HUMAN	neuropilin 2 [Source:HGNC Symbol;Acc:HGNC:8005]
ORTHOMCL12070	extrinsic component of membrane	GO:0019898	2	1	P00451	FA8_HUMAN	FA8	HUMAN	coagulation factor VIII [Source:HGNC Symbol;Acc:HGNC:3546]
ORTHOMCL14676	extrinsic component of membrane	GO:0019898	2	1	O60462	NRP2_HUMAN	NRP2	HUMAN	neuropilin 2 [Source:HGNC Symbol;Acc:HGNC:8005]
ORTHOMCL15828	extrinsic component of membrane	GO:0019898	2	1	Q9Y6L7	TLL2_HUMAN	TLL2	HUMAN	tolloid like 2 [Source:HGNC Symbol;Acc:HGNC:11844]
ORTHOMCL17866	extrinsic component of membrane	GO:0019898	2	1	P12270	TPR_HUMAN	TPR	HUMAN	translocated promoter region, nuclear basket protein [Source:HGNC Symbol;Acc:HGNC:12017]
ORTHOMCL19328	extrinsic component of membrane	GO:0019898	2	1	Q9UGM3	DMBT1_HUMAN	DMBT1	HUMAN	deleted in malignant brain tumors 1 [Source:HGNC Symbol;Acc:HGNC:2926]
ORTHOMCL5865	extrinsic component of membrane	GO:0019898	2	1	Q10588	BST1_HUMAN	BST1	HUMAN	bone marrow stromal cell antigen 1 [Source:HGNC Symbol;Acc:HGNC:1118]
ORTHOMCL5964	extrinsic component of membrane	GO:0019898	2	1	Q8TDW5	SYTL5_HUMAN	SYTL5	HUMAN	synaptotagmin like 5 [Source:HGNC Symbol;Acc:HGNC:15589]
ORTHOMCL5984	extrinsic component of membrane	GO:0019898	2	1	F1RCP1	BECN1_DANRE	BECN1	DANRE	beclin 1, autophagy related [Source:ZFIN;Acc:ZDB-GENE-040426-1666]
ORTHOMCL7507	extrinsic component of membrane	GO:0019898	2	1	Q9NR16	C163B_HUMAN	C163B	HUMAN	CD163 molecule like 1 [Source:HGNC Symbol;Acc:HGNC:30375]
ORTHOMCL8234	extrinsic component of membrane	GO:0019898	2	1	P00519	ABL1_HUMAN	ABL1	HUMAN	ABL proto-oncogene 1, non-receptor tyrosine kinase [Source:HGNC Symbol;Acc:HGNC:76]
ORTHOMCL8697	extrinsic component of membrane	GO:0019898	2	1	Q08378	GOGA3_HUMAN	GOGA3	HUMAN	golgin A3 [Source:HGNC Symbol;Acc:HGNC:4426]
ORTHOMCL9749	extrinsic component of membrane	GO:0019898	2	1	Q13615	MTMR3_HUMAN	MTMR3	HUMAN	myotubularin related protein 3 [Source:HGNC Symbol;Acc:HGNC:7451]
ORTHOMCL9787	extrinsic component of membrane	GO:0019898	2	1	F1LYQ8	FARP1_RAT	FARP1	RAT	none
ORTHOMCL10273	leading edge membrane	GO:0031256	2	1	Q14678	KANK1_HUMAN	KANK1	HUMAN	KN motif and ankyrin repeat domains 1 [Source:HGNC Symbol;Acc:HGNC:19309]
ORTHOMCL12283	leading edge membrane	GO:0031256	2	1	P29274	AA2AR_HUMAN	AA2AR	HUMAN	adenosine A2a receptor [Source:HGNC Symbol;Acc:HGNC:263]
ORTHOMCL12636	leading edge membrane	GO:0031256	2	1	Q9Y490	TLN1_HUMAN	TLN1	HUMAN	talin 1 [Source:HGNC Symbol;Acc:HGNC:11845]
ORTHOMCL13749	leading edge membrane	GO:0031256	2	1	Q3UTQ8	CDKL5_MOUSE	CDKL5	MOUSE	none
ORTHOMCL1501	leading edge membrane	GO:0031256	2	1	P18848	ATF4_HUMAN	ATF4	HUMAN	activating transcription factor 4 [Source:HGNC Symbol;Acc:HGNC:786]
ORTHOMCL16006	leading edge membrane	GO:0031256	2	1	Q7Z460	CLAP1_HUMAN	CLAP1	HUMAN	cytoplasmic linker associated protein 1 [Source:HGNC Symbol;Acc:HGNC:17088]
ORTHOMCL16076	leading edge membrane	GO:0031256	2	1	P78357	CNTP1_HUMAN	CNTP1	HUMAN	contactin associated protein 1 [Source:HGNC Symbol;Acc:HGNC:8011]
ORTHOMCL16201	leading edge membrane	GO:0031256	2	1	A1KZ92	PXDNL_HUMAN	PXDNL	HUMAN	peroxidasin like [Source:HGNC Symbol;Acc:HGNC:26359]
ORTHOMCL20096	leading edge membrane	GO:0031256	2	1	P16621	LAR_DROME	LAR	DROME	Leukocyte-antigen-related-like [Source:FlyBase;Acc:FBgn0000464]
ORTHOMCL21753	leading edge membrane	GO:0031256	2	1	Q8NDA2	HMCN2_HUMAN	HMCN2	HUMAN	hemicentin 2 [Source:HGNC Symbol;Acc:HGNC:21293]
ORTHOMCL2684	leading edge membrane	GO:0031256	2	1	Q96RW7	HMCN1_HUMAN	HMCN1	HUMAN	hemicentin 1 [Source:HGNC Symbol;Acc:HGNC:19194]
ORTHOMCL5859	leading edge membrane	GO:0031256	2	1	Q5ZLR1	WLS_CHICK	WLS	CHICK	none
ORTHOMCL6750	leading edge membrane	GO:0031256	2	1	P18519	TNR16_CHICK	TNR16	CHICK	Tumor necrosis factor receptor superfamily member 16  [Source:UniProtKB/Swiss-Prot;Acc:P18519]
ORTHOMCL7549	leading edge membrane	GO:0031256	2	1	P29371	NK3R_HUMAN	NK3R	HUMAN	tachykinin receptor 3 [Source:HGNC Symbol;Acc:HGNC:11528]
ORTHOMCL8723	leading edge membrane	GO:0031256	2	1	Q6VAB6	KSR2_HUMAN	KSR2	HUMAN	kinase suppressor of ras 2 [Source:HGNC Symbol;Acc:HGNC:18610]
ORTHOMCL12283	neuron projection membrane	GO:0030673;GO:0032589	4	1	P29274	AA2AR_HUMAN	AA2AR	HUMAN	adenosine A2a receptor [Source:HGNC Symbol;Acc:HGNC:263]
ORTHOMCL1501	neuron projection membrane	GO:0030673;GO:0032589	4	1	P18848	ATF4_HUMAN	ATF4	HUMAN	activating transcription factor 4 [Source:HGNC Symbol;Acc:HGNC:786]
ORTHOMCL16076	neuron projection membrane	GO:0030673;GO:0032589	4	1	P78357	CNTP1_HUMAN	CNTP1	HUMAN	contactin associated protein 1 [Source:HGNC Symbol;Acc:HGNC:8011]
ORTHOMCL16201	neuron projection membrane	GO:0030673;GO:0032589	4	1	A1KZ92	PXDNL_HUMAN	PXDNL	HUMAN	peroxidasin like [Source:HGNC Symbol;Acc:HGNC:26359]
ORTHOMCL20096	neuron projection membrane	GO:0030673;GO:0032589	4	1	P16621	LAR_DROME	LAR	DROME	Leukocyte-antigen-related-like [Source:FlyBase;Acc:FBgn0000464]
ORTHOMCL21753	neuron projection membrane	GO:0030673;GO:0032589	4	1	Q8NDA2	HMCN2_HUMAN	HMCN2	HUMAN	hemicentin 2 [Source:HGNC Symbol;Acc:HGNC:21293]
ORTHOMCL2684	neuron projection membrane	GO:0030673;GO:0032589	4	1	Q96RW7	HMCN1_HUMAN	HMCN1	HUMAN	hemicentin 1 [Source:HGNC Symbol;Acc:HGNC:19194]
ORTHOMCL5859	neuron projection membrane	GO:0030673;GO:0032589	4	1	Q5ZLR1	WLS_CHICK	WLS	CHICK	none
ORTHOMCL6750	neuron projection membrane	GO:0030673;GO:0032589	4	1	P18519	TNR16_CHICK	TNR16	CHICK	Tumor necrosis factor receptor superfamily member 16  [Source:UniProtKB/Swiss-Prot;Acc:P18519]
ORTHOMCL7549	neuron projection membrane	GO:0030673;GO:0032589	4	1	P29371	NK3R_HUMAN	NK3R	HUMAN	tachykinin receptor 3 [Source:HGNC Symbol;Acc:HGNC:11528]
ORTHOMCL21753	podosome	GO:0002102	4	1	Q8NDA2	HMCN2_HUMAN	HMCN2	HUMAN	hemicentin 2 [Source:HGNC Symbol;Acc:HGNC:21293]
ORTHOMCL2526	podosome	GO:0002102	4	1	P19352	TPM2_CHICK	TPM2	CHICK	Tropomyosin beta chain  [Source:UniProtKB/Swiss-Prot;Acc:P19352]
ORTHOMCL2684	podosome	GO:0002102	4	1	Q96RW7	HMCN1_HUMAN	HMCN1	HUMAN	hemicentin 1 [Source:HGNC Symbol;Acc:HGNC:19194]
ORTHOMCL2788	podosome	GO:0002102	4	1	Q99961	SH3G1_HUMAN	SH3G1	HUMAN	SH3 domain containing GRB2 like 1, endophilin A2 [Source:HGNC Symbol;Acc:HGNC:10830]
ORTHOMCL3836	podosome	GO:0002102	4	1	O16127	TPM_ECHGR	TPM	ECHGR	none
ORTHOMCL837	podosome	GO:0002102	4	1	O16127	TPM_ECHGR	TPM	ECHGR	none
ORTHOMCL8545	podosome	GO:0002102	4	1	Q15366	PCBP2_HUMAN	PCBP2	HUMAN	poly(rC) binding protein 2 [Source:HGNC Symbol;Acc:HGNC:8648]
ORTHOMCL10803	proteinaceous extracellular matrix	GO:0005578	2	1	P55115	NAS15_CAEEL	NAS15	CAEEL	none
ORTHOMCL10853	proteinaceous extracellular matrix	GO:0005578	2	1	Q13308	PTK7_HUMAN	PTK7	HUMAN	protein tyrosine kinase 7 (inactive) [Source:HGNC Symbol;Acc:HGNC:9618]
ORTHOMCL11301	proteinaceous extracellular matrix	GO:0005578	2	1	O60462	NRP2_HUMAN	NRP2	HUMAN	neuropilin 2 [Source:HGNC Symbol;Acc:HGNC:8005]
ORTHOMCL12064	proteinaceous extracellular matrix	GO:0005578	2	1	Q17RW2	COOA1_HUMAN	COOA1	HUMAN	collagen type XXIV alpha 1 chain [Source:HGNC Symbol;Acc:HGNC:20821]
ORTHOMCL15828	proteinaceous extracellular matrix	GO:0005578	2	1	Q9Y6L7	TLL2_HUMAN	TLL2	HUMAN	tolloid like 2 [Source:HGNC Symbol;Acc:HGNC:11844]
ORTHOMCL16201	proteinaceous extracellular matrix	GO:0005578	2	1	A1KZ92	PXDNL_HUMAN	PXDNL	HUMAN	peroxidasin like [Source:HGNC Symbol;Acc:HGNC:26359]
ORTHOMCL18576	proteinaceous extracellular matrix	GO:0005578	2	1	Q96RW7	HMCN1_HUMAN	HMCN1	HUMAN	hemicentin 1 [Source:HGNC Symbol;Acc:HGNC:19194]
ORTHOMCL21753	proteinaceous extracellular matrix	GO:0005578	2	1	Q8NDA2	HMCN2_HUMAN	HMCN2	HUMAN	hemicentin 2 [Source:HGNC Symbol;Acc:HGNC:21293]
ORTHOMCL2684	proteinaceous extracellular matrix	GO:0005578	2	1	Q96RW7	HMCN1_HUMAN	HMCN1	HUMAN	hemicentin 1 [Source:HGNC Symbol;Acc:HGNC:19194]
ORTHOMCL2804	proteinaceous extracellular matrix	GO:0005578	2	1	Q99727	TIMP4_HUMAN	TIMP4	HUMAN	TIMP metallopeptidase inhibitor 4 [Source:HGNC Symbol;Acc:HGNC:11823]
ORTHOMCL6348	proteinaceous extracellular matrix	GO:0005578	2	1	P08120	CO4A1_DROME	CO4A1	DROME	Collagen type IV alpha 1 [Source:FlyBase;Acc:FBgn0000299]
ORTHOMCL6750	proteinaceous extracellular matrix	GO:0005578	2	1	P18519	TNR16_CHICK	TNR16	CHICK	Tumor necrosis factor receptor superfamily member 16  [Source:UniProtKB/Swiss-Prot;Acc:P18519]
ORTHOMCL7522	proteinaceous extracellular matrix	GO:0005578	2	1	B5DF27	LOXL2_RAT	LOXL2	RAT	none
ORTHOMCL8060	proteinaceous extracellular matrix	GO:0005578	2	1	Q8IVL0	NAV3_HUMAN	NAV3	HUMAN	neuron navigator 3 [Source:HGNC Symbol;Acc:HGNC:15998]
ORTHOMCL8112	proteinaceous extracellular matrix	GO:0005578	2	1	Q17RW2	COOA1_HUMAN	COOA1	HUMAN	collagen type XXIV alpha 1 chain [Source:HGNC Symbol;Acc:HGNC:20821]
ORTHOMCL8503	proteinaceous extracellular matrix	GO:0005578	2	1	P02466	CO1A2_RAT	CO1A2	RAT	none
ORTHOMCL9682	proteinaceous extracellular matrix	GO:0005578	2	1	Q17RW2	COOA1_HUMAN	COOA1	HUMAN	collagen type XXIV alpha 1 chain [Source:HGNC Symbol;Acc:HGNC:20821]
ORTHOMCL10803	site of polarized growth	GO:0030426;GO:0030427	3	1	P55115	NAS15_CAEEL	NAS15	CAEEL	none
ORTHOMCL11621	site of polarized growth	GO:0030426;GO:0030427	3	1	Q5T1M5	FKB15_HUMAN	FKB15	HUMAN	FK506 binding protein 15 [Source:HGNC Symbol;Acc:HGNC:23397]
ORTHOMCL11790	site of polarized growth	GO:0030426;GO:0030427	3	1	P10586	PTPRF_HUMAN	PTPRF	HUMAN	protein tyrosine phosphatase, receptor type F [Source:HGNC Symbol;Acc:HGNC:9670]
ORTHOMCL11961	site of polarized growth	GO:0030426;GO:0030427	3	1	Q8TD84	DSCL1_HUMAN	DSCL1	HUMAN	DS cell adhesion molecule like 1 [Source:HGNC Symbol;Acc:HGNC:14656]
ORTHOMCL13749	site of polarized growth	GO:0030426;GO:0030427	3	1	Q3UTQ8	CDKL5_MOUSE	CDKL5	MOUSE	none
ORTHOMCL16006	site of polarized growth	GO:0030426;GO:0030427	3	1	Q7Z460	CLAP1_HUMAN	CLAP1	HUMAN	cytoplasmic linker associated protein 1 [Source:HGNC Symbol;Acc:HGNC:17088]
ORTHOMCL1606	site of polarized growth	GO:0030426;GO:0030427	3	1	Q9UBR2	CATZ_HUMAN	CATZ	HUMAN	cathepsin Z [Source:HGNC Symbol;Acc:HGNC:2547]
ORTHOMCL16201	site of polarized growth	GO:0030426;GO:0030427	3	1	A1KZ92	PXDNL_HUMAN	PXDNL	HUMAN	peroxidasin like [Source:HGNC Symbol;Acc:HGNC:26359]
ORTHOMCL16368	site of polarized growth	GO:0030426;GO:0030427	3	1	P0C5Y8	ALS2_RAT	ALS2	RAT	none
ORTHOMCL17846	site of polarized growth	GO:0030426;GO:0030427	3	1	Q3U5C8	ARHGG_MOUSE	ARHGG	MOUSE	none
ORTHOMCL21753	site of polarized growth	GO:0030426;GO:0030427	3	1	Q8NDA2	HMCN2_HUMAN	HMCN2	HUMAN	hemicentin 2 [Source:HGNC Symbol;Acc:HGNC:21293]
ORTHOMCL2684	site of polarized growth	GO:0030426;GO:0030427	3	1	Q96RW7	HMCN1_HUMAN	HMCN1	HUMAN	hemicentin 1 [Source:HGNC Symbol;Acc:HGNC:19194]
ORTHOMCL7262	site of polarized growth	GO:0030426;GO:0030427	3	1	Q7T3A4	RAB13_DANRE	RAB13	DANRE	RAB13, member RAS oncogene family [Source:ZFIN;Acc:ZDB-GENE-030826-30]
ORTHOMCL8658	site of polarized growth	GO:0030426;GO:0030427	3	1	Q14315	FLNC_HUMAN	FLNC	HUMAN	filamin C [Source:HGNC Symbol;Acc:HGNC:3756]
ORTHOMCL9617	site of polarized growth	GO:0030426;GO:0030427	3	1	Q96N67	DOCK7_HUMAN	DOCK7	HUMAN	dedicator of cytokinesis 7 [Source:HGNC Symbol;Acc:HGNC:19190]
ORTHOMCL11790	synapse	GO:0045202	1	1	P10586	PTPRF_HUMAN	PTPRF	HUMAN	protein tyrosine phosphatase, receptor type F [Source:HGNC Symbol;Acc:HGNC:9670]
ORTHOMCL11961	synapse	GO:0045202	1	1	Q8TD84	DSCL1_HUMAN	DSCL1	HUMAN	DS cell adhesion molecule like 1 [Source:HGNC Symbol;Acc:HGNC:14656]
ORTHOMCL12258	synapse	GO:0045202	1	1	Q9UPQ7	PZRN3_HUMAN	PZRN3	HUMAN	PDZ domain containing ring finger 3 [Source:HGNC Symbol;Acc:HGNC:17704]
ORTHOMCL12269	synapse	GO:0045202	1	1	Q9P232	CNTN3_HUMAN	CNTN3	HUMAN	contactin 3 [Source:HGNC Symbol;Acc:HGNC:2173]
ORTHOMCL12283	synapse	GO:0045202	1	1	P29274	AA2AR_HUMAN	AA2AR	HUMAN	adenosine A2a receptor [Source:HGNC Symbol;Acc:HGNC:263]
ORTHOMCL12636	synapse	GO:0045202	1	1	Q9Y490	TLN1_HUMAN	TLN1	HUMAN	talin 1 [Source:HGNC Symbol;Acc:HGNC:11845]
ORTHOMCL13690	synapse	GO:0045202	1	1	Q6P3S1	DEN1B_HUMAN	DEN1B	HUMAN	DENN domain containing 1B [Source:HGNC Symbol;Acc:HGNC:28404]
ORTHOMCL13749	synapse	GO:0045202	1	1	Q3UTQ8	CDKL5_MOUSE	CDKL5	MOUSE	none
ORTHOMCL13759	synapse	GO:0045202	1	1	D3ZB51	TUTLB_RAT	TUTLB	RAT	none
ORTHOMCL15545	synapse	GO:0045202	1	1	P48766	NAC1_CAVPO	NAC1	CAVPO	none
ORTHOMCL15828	synapse	GO:0045202	1	1	Q9Y6L7	TLL2_HUMAN	TLL2	HUMAN	tolloid like 2 [Source:HGNC Symbol;Acc:HGNC:11844]
ORTHOMCL16201	synapse	GO:0045202	1	1	A1KZ92	PXDNL_HUMAN	PXDNL	HUMAN	peroxidasin like [Source:HGNC Symbol;Acc:HGNC:26359]
ORTHOMCL17727	synapse	GO:0045202	1	1	Q8WXG9	GPR98_HUMAN	GPR98	HUMAN	adhesion G protein-coupled receptor V1 [Source:HGNC Symbol;Acc:HGNC:17416]
ORTHOMCL18576	synapse	GO:0045202	1	1	Q96RW7	HMCN1_HUMAN	HMCN1	HUMAN	hemicentin 1 [Source:HGNC Symbol;Acc:HGNC:19194]
ORTHOMCL18609	synapse	GO:0045202	1	1	Q8N8E3	CE112_HUMAN	CE112	HUMAN	centrosomal protein 112 [Source:HGNC Symbol;Acc:HGNC:28514]
ORTHOMCL18815	synapse	GO:0045202	1	1	O75445	USH2A_HUMAN	USH2A	HUMAN	usherin [Source:HGNC Symbol;Acc:HGNC:12601]
ORTHOMCL19328	synapse	GO:0045202	1	1	Q9UGM3	DMBT1_HUMAN	DMBT1	HUMAN	deleted in malignant brain tumors 1 [Source:HGNC Symbol;Acc:HGNC:2926]
ORTHOMCL20096	synapse	GO:0045202	1	1	P16621	LAR_DROME	LAR	DROME	Leukocyte-antigen-related-like [Source:FlyBase;Acc:FBgn0000464]
ORTHOMCL21753	synapse	GO:0045202	1	1	Q8NDA2	HMCN2_HUMAN	HMCN2	HUMAN	hemicentin 2 [Source:HGNC Symbol;Acc:HGNC:21293]
ORTHOMCL2684	synapse	GO:0045202	1	1	Q96RW7	HMCN1_HUMAN	HMCN1	HUMAN	hemicentin 1 [Source:HGNC Symbol;Acc:HGNC:19194]
ORTHOMCL2788	synapse	GO:0045202	1	1	Q99961	SH3G1_HUMAN	SH3G1	HUMAN	SH3 domain containing GRB2 like 1, endophilin A2 [Source:HGNC Symbol;Acc:HGNC:10830]
ORTHOMCL3469	synapse	GO:0045202	1	1	Q8N0X7	SPART_HUMAN	SPART	HUMAN	spartin [Source:HGNC Symbol;Acc:HGNC:18514]
ORTHOMCL5490	synapse	GO:0045202	1	1	Q12955	ANK3_HUMAN	ANK3	HUMAN	ankyrin 3 [Source:HGNC Symbol;Acc:HGNC:494]
ORTHOMCL5495	synapse	GO:0045202	1	1	Q8N441	FGRL1_HUMAN	FGRL1	HUMAN	fibroblast growth factor receptor like 1 [Source:HGNC Symbol;Acc:HGNC:3693]
ORTHOMCL6373	synapse	GO:0045202	1	1	Q96L93	KI16B_HUMAN	KI16B	HUMAN	kinesin family member 16B [Source:HGNC Symbol;Acc:HGNC:15869]
ORTHOMCL7446	synapse	GO:0045202	1	1	O15034	RIMB2_HUMAN	RIMB2	HUMAN	RIMS binding protein 2 [Source:HGNC Symbol;Acc:HGNC:30339]
ORTHOMCL7474	synapse	GO:0045202	1	1	Q6UUV9	CRTC1_HUMAN	CRTC1	HUMAN	CREB regulated transcription coactivator 1 [Source:HGNC Symbol;Acc:HGNC:16062]
ORTHOMCL7549	synapse	GO:0045202	1	1	P29371	NK3R_HUMAN	NK3R	HUMAN	tachykinin receptor 3 [Source:HGNC Symbol;Acc:HGNC:11528]
ORTHOMCL8273	synapse	GO:0045202	1	1	Q5PRF9	SMAG2_HUMAN	SMAG2	HUMAN	sterile alpha motif domain containing 4B [Source:HGNC Symbol;Acc:HGNC:25492]
ORTHOMCL8494	synapse	GO:0045202	1	1	Q01484	ANK2_HUMAN	ANK2	HUMAN	ankyrin 2 [Source:HGNC Symbol;Acc:HGNC:493]
ORTHOMCL10803	transport vesicle membrane	GO:0030658	4	1	P55115	NAS15_CAEEL	NAS15	CAEEL	none
ORTHOMCL15828	transport vesicle membrane	GO:0030658	4	1	Q9Y6L7	TLL2_HUMAN	TLL2	HUMAN	tolloid like 2 [Source:HGNC Symbol;Acc:HGNC:11844]
ORTHOMCL18707	transport vesicle membrane	GO:0030658	4	1	Q05940	VMAT2_HUMAN	VMAT2	HUMAN	solute carrier family 18 member A2 [Source:HGNC Symbol;Acc:HGNC:10935]
ORTHOMCL2452	transport vesicle membrane	GO:0030658	4	1	P58200	VTI1B_RAT	VTI1B	RAT	none
ORTHOMCL4474	transport vesicle membrane	GO:0030658	4	1	P83852	CBPD_LOPSP	CBPD	LOPSP	none
ORTHOMCL5125	transport vesicle membrane	GO:0030658	4	1	P56962	STX17_HUMAN	STX17	HUMAN	syntaxin 17 [Source:HGNC Symbol;Acc:HGNC:11432]
ORTHOMCL5495	transport vesicle membrane	GO:0030658	4	1	Q8N441	FGRL1_HUMAN	FGRL1	HUMAN	fibroblast growth factor receptor like 1 [Source:HGNC Symbol;Acc:HGNC:3693]
ORTHOMCL5636	transport vesicle membrane	GO:0030658	4	1	Q495T6	MMEL1_HUMAN	MMEL1	HUMAN	membrane metalloendopeptidase like 1 [Source:HGNC Symbol;Acc:HGNC:14668]
ORTHOMCL5964	transport vesicle membrane	GO:0030658	4	1	Q8TDW5	SYTL5_HUMAN	SYTL5	HUMAN	synaptotagmin like 5 [Source:HGNC Symbol;Acc:HGNC:15589]
ORTHOMCL7262	transport vesicle membrane	GO:0030658	4	1	Q7T3A4	RAB13_DANRE	RAB13	DANRE	RAB13, member RAS oncogene family [Source:ZFIN;Acc:ZDB-GENE-030826-30]
